Book Id,Title,Author,Author l-f,Additional Authors,ISBN,ISBN13,My Rating,Average Rating,Publisher,Binding,Number of Pages,Year Published,Original Publication Year,Date Read,Date Added,Bookshelves,Bookshelves with positions,Exclusive Shelf,My Review,Spoiler,Private Notes,Read Count,Owned Copies
,Homage to Catalonia,George Orwell,,,,,0,,,,,,,2026/07/01,2026/07/01,read-2026,,read,"I recently visited Catalonia and hence picked up the book. Normally, i would get bored if its a political book. But this one is written by George Orwell. Connecting political environment with individual behavior is the best part in Orwell's writings. For me, it stuck at one point that how many incidents in the  civil war that Orwell experience could have been seeds for the 1984 story. Like the manipulation of the news, change of language reflecting political environment in Barcelona(Senhor vs Comrade, Salud vs Buenos Dias).",,Imported from readings.md; first seen in commit beccb43. Original heading: Homage to Catalonia by George Orwell,1,0
,Children of Time,Adrian Tchaikovsky,,,,,0,,,,,,,2026/07/01,2026/07/01,read-2026,,read,"Amazing read! Adrian imagines a planet where spiders are undergoing evolution like humans - making societies, figuring out science. This behaviour is then coupled with base spider nature very well. In parallel, there is a space ship of humans trying to find home. Both the story lines are great and they converge well at the end. A must read if you like scientific facts implanted in the story - like portia spiders' intelligence, zombie ant fungus. Some of the things i liked and made notes of while reading

\- humans turned out to be what kern actuslly thought- ppl who want to destroy everything includng themselves

\- ending is ironic bcoz humans get to occupy the planet as they wanted but as slaves

\- game theory assumption is not a bound. But to be sorted. Common langusge buildinhlg

\- empathy, a part of virus. Virus is for evolution. Empathy is responsible for evolution. Recognize another person as like urs and work together and evolve. Group of ants

\- computer using ants is a fascinating idea. Conditioning them using reward. What is this kind of computing? Neural Network?

\- sexual dimorphism reverse. Fabian. Single character changing the course with powerful technology

\- humans - how much they suck as a species. NuN. Then kern. Mutiny. Then guyen. Then attacking spider

\- spiders with 100 k neuos can do planning. Well chosen candidate for evolution

\- cognitive maps in spiders? And representation?

\- kern's plan was dumb. Why take monkeys. What is guarentee for evolution taking same course. Why not humans? Was it bcoz u wanted to put empahty in them? (But kern herself wonders if wars would happen if it was put)

\- spiders - virus vs inherent nature

\- internak conflict and differences - schism

\- are consequence of any intelkigent society

\- what is this infirmation being sent genetically. Is it possible? Like can u distill ur understanding into a egg adn give to someone?

\- dulce et decorum est - it is fitting to die.

\- beetles are also a nice character

\- the fungi pandemic that got the virus is also cool

\- (a list of things from anima kingdom character)

\- scaling. Geoffery west. Seven trees has less of gutters than great nest, just like there is less of everything else

\- your purpose is whatever you choose. To survive, grow and prosper and understand.

\- one of the reasons why the virus lets evolution faster is because it stores the information collected by one generation in the genes. Imagine, how early humans could have evolved if we had invented writing and passing on the information earlier. it just compounds quickly. the virus made sure it happend along with passing of genes.",,Imported from readings.md; first seen in commit beccb43. Original heading: Children of Time by Adrian Tchaikovsky,1,0
,The Vital Question,Nick Lane,,,,,0,,,,,,,2026/06/01,2026/06/01,read-2026,,read,"A great book about the origin of life- how life evolved early under the ocean, and then lead to eukaryotes. Nick's core argument is that the endosymbiosis caused the way life it is currently - 2 sexes, seperation of germline cells and somatic cells, aging and death. At several places, it was difficult to grasp the details. But Nick also gives the big picture idea at the end, which helps the reader back on track. ([notes](https://rakaar.github.io/obs-notes/the-vital-question-2))",,Imported from readings.md; first seen in commit d592f1f. Original heading: The Vital Question by Nick Lane,1,0
,Project Hail Mary,Andy Weir,,,,,0,,,,,,,2026/06/01,2026/06/01,read-2026,,read,It's an amazing experience to read the book and watch movie while it is a cultural phenomenon. Andy is a great writer who blends scientific elements into the story well!,,Imported from readings.md; first seen in commit d592f1f. Original heading: Project Hail Mary by Andy Weir,1,0
,The Conquest of Happiness,Bertrand Russell,,,,,0,,,,,,,2026/01/06,2026/01/06,read-2026,,read,"This is a self-help book written in 1930. The main thing Russell wanted to convey through this book is that one could be happy if one is involved in a pursuit, something bigger than them because it is valuable to the world, rather than because of personal ego. A message similar to Man's search for meaning in Viktor Frankl.

The book is divided into 2 parts. First half talks about causes of unhappiness like boredom, envy, sense of sin and second half talks about causes of happiness like family, work, gratitude. The problem with this approach is that there are several good ideas Russell talks nicely about, but they are fragmented. I dislike this approach because there is not a single principle that the book gives as a whole that can help you to think. For example, *The Subtle art of not giving* book by Mark Manson conveys its ideas through the principle that it is not valuable spending time and effort on things that are not important(the idea seems pretty obvious, but if it was so easy, the book would not be a hit). But Russell writes about a lot of things, that are disconnected. Of course, there are recurring themes like I mentioned above. But when you mention several things, it is difficult to hold in head, no matter how good they are.

The other problem I found from the book is that there are always further questions, which Russell address at many places. But there are places, where the message or idea is fully not thorough. For example, in the chapter *Fatigue*, Russell suggests that if you have a worry, think long enough about it, that the details will bore you and you will eventually stop worrying. That eventually happens and we have seen some form of it in our life. But one can ask, when does 'think it through' turn into rumination?

Putting these problems aside, this book has several good points which are valuable still today, and a lot of people need to know them or absorb them. For example, about parenting, Russell talks about how over protective parents can install a sense of sin in the children which become part of their subconscious once they grow up. This book is recommended if you want to known Bertrand Russell's writings. I wanted to read one of his books, because Russell was a mathematician who won a Nobel prize in Literature. But if you wish to get the same message, Man's search for Meaning is a good alternative.",,Imported from readings.md; first seen in commit c2b40d1. Original heading: The conquest of Happiness by Bertrand Russell,1,0
,The Unbearable Lightness of Being,Milan Kundera,,,,,0,,,,,,,2025/11/15,2025/11/15,read-2025,,read,"One of the best books I have read. It combines philosophical ideas at the level of human actions and thoughts. The usage of words is economical - no wastage of words in describing the scenery on situation. The actions of the characters are explained and analysed from point of view of psychology. For example, in the novel Teresa sees weird dreams, and Kundera analyses dreams in depth linking to her intentions and fears. For me, this is a homage to Freud's interpretation of dreams. A lot of classics that are popular for their philosophical depth or psychological depth. The references and analysis are the interpretation of readers. This is good in the sense that it brings discussion. But does it really convey, what the author wanted to say? Kundera does that work. It may seem like spoon feeding. But the reading becomes more  exciting because now you understand the characters better. The reader now has a framework of what goes on in the character's mind. Books would be much more exciting if more authors did this.

Despite my lack of interest in political drama, this book well connects individual life choices affected by political turmoil. Here again, there are some scenes that draw parallels between political situation and a character's situation. For instance, Teresa's mother reading her personal diary in front of everyone is connected to Soviet union playing private conversations on radio.

I also found it impressive that Czechoslovakia was so sexually forward culture in the 1960s. GPT gave multiple reasons like atheism,emancipation of women and also interestingly communist censorship. In GPT's words:

> After dissent was crushed, personal relationships—and beds—became a space where citizens could still feel individual, spontaneous, even rebellious. Kundera’s characters embody that psychological trade-off: political heaviness outside, erotic “lightness” inside

One of the Youtube reviewers mentioned that this is the only fiction book where he didn't care about the plot. It is also the same with me. At several places, Kundera blends philosophical discussion with back story of the characters. Kundera's style of writing is unique and I look forward to reading more of his work in future.",,Imported from readings.md; first seen in commit fe4773f. Original heading: The Unbearable Lightness of Being by Milan Kundera,1,0
,Selected Short Stories,Franz Kafka,,,,,0,,,,,,,2025/07/24,2025/07/24,read-2025,,read,"Kafka's selected short stories: I picked up Kafka for the fourth time (after *Metamorphosis*, *The Trial* and *Amerika*) hoping I might finally appreciate his work, but it still felt the same as the last three books – nothing ever happens and the underlying message or theme is very abstract. After discussing with GPT, however, it became clear that the stories reflect Kafka's own inner turmoil in his artistic and personal life. A few examples:
- *First Sorrow* and *A Hunger Artist* – about the artist's inner struggles with perfectionism and recognition.
- *A Little Woman* – about his relationship with his landlady.
- *The Judgment* – about his relationship with his father.

Once you finish a story, the first emotion is confusion about what exactly to feel. A little research helps you see why Kafka wrote the story and what one should feel – perhaps that's a kind of literature some people appreciate. To me, even though there are relatable things to care about, they were so abstracted that I couldn't enjoy them.

I gave Kafka an extra chance after being disappointed three times because I really admire him as an individual: he wrote books yet never published them, writing for his own sake. That's why I picked him up again, even though the past three books didn't leave a strong impression. I hope that someday I grasp the essence of his work.",,Imported from readings.md; first seen in commit 27b6972. Original heading: Selected Short Stories by Franz Kafka,1,0
,What Makes Us Smart: The Computational Logic of Human Cognition,Samuel J. Gershman,,,,,0,,,,,,,2025/07/24,2025/07/24,read-2025,,read,"This book offers a computational perspective on perception and decision making. While books like *Thinking, Fast and Slow* discuss bias in human decisions, this book argues that bias is an inevitable outcome of a rational, efficient, machine-like brain. Bias arises because the brain tries to make the best possible inference from limited data and resources. For those in neuroscience, this book provides a Bayesian view of perception and decision making.

I enjoyed this book at several places, and I liked thinking through these problems. At times, I was a bit dissatisfied with the writing style – it included many references and cited results like an academic review paper. To me the second half of the book was the best part. Here is a bit of what stood out:
- **How to never be wrong** – we all strongly believe in some core theories. But when confronted with contradictory evidence, instead of disbelieving the theory, we make additional hypotheses. Why do we do that most of the time? In which cases do we give up on the theories we believe? This chapter discusses these questions within a Bayesian framework.
- **The Frugal Brain** – about how the brain makes an efficient representation of things found in nature.
- **Language design** – about how languages evolved; the core underlying principle is to transfer information with high clarity and low cost.
- **The uses of randomness** – discusses the hypothesis that the brain also does some kind of sampling.",,Imported from readings.md; first seen in commit c019c90. Original heading: What Makes Us Smart: The Computational Logic of Human Cognition by Samuel J. Gershman,1,0
,Enduring Love,Ian McEwan,,,,,0,,,,,,,2025/04/07,2025/04/07,read-2025,,read,"Another classic by Ian McEwan exploring psychology and human relationships. The story centres on a man with erotomania(*De Clérambault's syndrome*) where the patient is under the delusion that another person is secretly in love with him. This obsessive belief drives him to take actions that upend his supposed *lover's* life.

I found several striking parallels between this book and McEwan's novel Saturday. In both, a sudden incident - car accident in Saturday, balloon accident in Enduring Love(EL) - connects two strangers(Henry & Bauxter; Joe and Parry). One of them suffers from a mental disorder - Huntington's disease in Saturday, De Clérambault's in EL. The protagonist is a professional in the sciences - Henry is a Neurosurgeon; Joe is science writer. In both stories, the mentally unstable man enters the protagonist's house with a knife but at the end gets injured - Baxter falling off stairs; Parry getting shot. But the endings diverge. In Saturday, the family emerges intact while in EL, Joe and Clarissa are seperated for a time and reconciliation remains uncertain at the end of novel.  But this comparison is a oversimplification. In Saturday, Baxter's Huntington's disease causes his behaviour to be unpredictable which builds up tension in the scene.

After finishing a book, I frantically check several reddit and youtube reviews to get an estimate of fraction of people that agree with me. In this case, I was disappointed to find that many had hated this book when it part of their curriculum. Is it the education system that drains the joy from reading by turning literature into an exam task? Or is it uninspired dull teaching?

But one thing is certain: McEwan's writing is a delight for anyone who loves the intersection of literature and science. In Saturday, Henry's father-in-law and daughter bring the literary dimension while Henry, a neurosurgeon himself brings scientific dimension. Similarly in EL, Joe's lover Clarissa is the literary historian and Joe is a science writer. These character pairings leads to passages that blend literature, science and life. This fusion makes Ian McEwan's writings enjoyable, no matter the plot.

So if you tend to view human actions through an evolutionary lens and enjoy attributing emotions to characters in literary classics, both Enduring Love and Saturday are worth your time.",,Imported from readings.md; first seen in commit d1537b5. Original heading: Enduring Love by Ian McEwan,1,0
,Tinker Tailor Soldier Spy,John le Carre,,,,,0,,,,,,,2025/04/07,2025/04/07,read-2025,,read,"I read this book because it was given to me. Never would I imagine myself reading a spy thriller because I usually prefer to read stories of ordinary people. But this one is not an usual James Bond type spy thriller. This is story of a retired spy trying to find a mole by interrogating several people and reading files without any sci-fi gadgets. For people interested in details of spy work, this is an interesting book.",,"Imported from readings.md; first seen in commit d1537b5. Original heading: Tinker,Tailor,Soldier,Spy by John le Carre",1,0
,Scale,Geoffrey West,,,,,0,,,,,,,2024/12/29,2024/12/29,read-2024,,read,"A unique non-fiction book offering an interesting perspective on animals, cities and companies. All these are complex systems - several individual constituents(cells, people,employees)  interacting with one another with resulting in something greater than whole. Trillions of cells interact with each other with transfer of energy and other resources and form a body. Millions of people in cities engage in various interactions leading to exchange of resources and information, forming a city.

If you plot log of metabolic rate vs. log of mass of animals, you see a straight line with slope nearly 2/3

If mass of an animal is double(2x or increased by 100%), the energy required will not be doubled, but only increased by 1.6 times. A bigger animal utilises energy more efficiently taking advantage of economies of scale(This is similar to how a big factory can produce things at cheaper cost).That is why the heaviest animals have the longest lifespans. An animal living longer is basically its cells are efficient, so they don't *wear and tear off* early. Ageing is essentially due to wear and tear of cells! Even though animals are of different sizes, there is a steady pattern in how some properties scale with size of the animal. In Geoffrey West's way, *an elephant is a large scale version of a mouse*. Further, he shows that such patterned scaling laws are possible because all animals have evolved to achieve one common thing - distribute energy and resources from one point to all cells.

Similarly, one can think a city as an organism evolved to distribute energy(electrical energy) and resources(water) to individuals. So, cities also exhibit such scaling laws. Plot log of number of gas stations vs log of people, you get a straight line with slope less than 1(nearly 0.15). A city's population is doubled, the number of gas stations are less than doubled(nearly 1.85x), taking advantage of economies of scale. But if you plot log of crimes vs log of population, the slope is greater than one(nearly 1.15). That means, if population doubles, the crime rate is more than double(nearly 2.2x). As number of possible interactions grow, resource distribution becomes efficient, but the increased number of interactions causes the crime to increase at a faster rate than population. Later, the book also helps develop basic intuition on why some things scale sub linearly while some scale super linearly.

The word ""emergence"" is used when we want to describe phenomenon that are bigger than linear sum of their parts, a hallmark of complex systems like animals and cities. It is nearly impossible to track the individual constituents(each cell in body or each person in city) and predict how they give rise to behaviour. To me the most beautiful part of the book has been that by examining this outward properties of such complex systems(metabolic rate of animals, crime rate of cities) could offer a deeper understanding of the common goals and tasks of different systems(different animals or different cities) within a framework. Distribution of resources and energy efficiently to individual constituents.

The book is just more than data and plots. Causes and consequences of scaling patterns is well discussed. If you regularly work with plots and data, this is a a must-read book.",,Imported from readings.md; first seen in commit 742f5e4. Original heading: Scale by Geoffery West,1,0
,The Comfort of Strangers,Ian McEwan,,,,,0,,,,,,,2024/12/29,2024/12/29,read-2024,,read,"This was Ian McEwan's second book. I picked it up to explore my new favourite author McEwan's earlier works. After completing the book, it felt very weird and understood why McEwan was initially referred to as *Ian Macabre*. I enjoyed the writing until things took a strange turn. Read it if you want to experience the macabre side of Ian McEwan.",,Imported from readings.md; first seen in commit 742f5e4. Original heading: The Comfort of Strangers by Ian McEwan,1,0
,On Chesil Beach,Ian McEwan,,,,,0,,,,,,,2024/12/29,2024/12/29,read-2024,,read,"Impressed by Saturday, I picked another book of McEwan. This was impressive too. A short novel with a unique setting - In 1962, two young virgins, who loved each other are by themselves in a honeymoon suite. One of them is excited and other is fearful. Ian McEwan's writing, non-linear narration, all of it makes this book a page turner. But there are some interesting aspects that I want to talk about this book.

--- SPOILER ALERT ---

**Edward's regret**:

We see Edward's tendency to behave impulsively in the fights outside the club. The same impulsive behaviour causes him to loose Florence forever from his life on his wedding night. But what was the cause of Edward's regret of doing nothing at such a later stage in life? Had he felt the regret earlier, was there a chance of him keeping away his pride and writing to Florence?

If he had found someone else he loved, would he still have the regret. Or all his youthful life, he was chasing only sensual pleasures. And when he is old and lacks strength to experience such pleasures. And this weakness makes him long for someone who understands him as human like Florence not merely satisfy physical needs.

**A personal lesson about reading proactively and why is Florence that way?**

As I discovered that Florence's disgust/disinterest towards sex in the book, I   wondered the reason and was actively looking for clues to find that. At couple of places, I could find the author hinting to her father sexually abusing her.

- Solo trips on boats, without the mother
- While Edward was undressing, the belt clinking sound reminding of her father undressing

 [I found another clue online](https://www.goodreads.com/questions/523849-has-anyone-actually-noticed-that-the-girl). Edward considered briefly that her father was *rather too keen to give her away*. He was keen to give away his daughter because she reminds him of the guilt. So, he was eager to marry her off with the first guy, she was close with irrespective of the fact that Edward had no job or proper career plans and was not from a affluent family.

I initially dismissed my assumptions, but was excited to find out that there were other readers who had observed similar things. It also saddens me about how many such subtle clues I might have missed in other good novels. The best way to the most out of a book, is to proactively keep asking questions and look for the possible answers hidden in the sentences.

 **The tragedy**:

The most tragic part of the novel is Edward not realising or caring about addressing why Florence behaved way despite Florence openly admitting her faults, making him the offer of staying with her and to find pleasure in other women if he wants to; trying herself to reduce the weight of such a serious and painful conversation by a joke(was that joke or a Freudian slip- marry my father? referring to sexual abuse). Both Florence and Edward were raised in a conventional culture. But Florence was ready to give up her conventional ideas about life and society and propose plans to stay with Edward because she really cared about being with him, not just being married with him. Edward not recognising any of this is the saddest part of this novel for me.

--- END of SPOILER ---",,Imported from readings.md; first seen in commit 742f5e4. Original heading: On Chisel Beach by Ian McEwan,1,0
,Behave,Robert Sapolsky,,,,,0,,,,,,,2024/12/29,2024/12/29,read-2024,,read,"This book is divided into two parts. The first is about the biology of behaviour in a interesting framework. Sapolsky explores the events on different time scale that led to the behaviour- few milliseconds before certain brain regions instructing muscles, the stimuli you were just exposed to which might have affected you subconsciously(seeing coke advertisement making you thirst), kind of events adolescence that shaped your brain, all the way back to when you were in your mother's womb, or further the traits that you picked genetically or memetically due to your ancestors who lived thousands of years ago. A holistic approach to understand behaviour from level of neurons operating at milliseconds scale to evolution over millions of years.

The second half of the book how the above learned framework can be used to understand different aspects of behaviour - considering us/them, obedience, moral decision making, empathy and behaviours that are observed in humans as whose primitive form is observed in some primates. Throughout the book, you will find interesting experiments and psychological highlights like for example, Macbeth effect - the urge to clean your hands after you have confessed some immoral event.

The chapter on role of neuroscience in judicial system felt the most interesting to me. If someone has a leg fractureed, what is the probability that he cannot run 100%. The cause and effect are direct to see. But can you predict something of that sort to brain and behaviour. If someone had a damage to Frontal cortex, what is the probablity that they will commit a murder(likely, most criminals have damage to frontal cortex). Now additionally, if we also know that the person had an abusive childhood and had an poor socioeconomic background. Now, this additional information contributes to increased chances of such a person committing murder. And suppose we also know that there has been several abnormal ""CAG"" gene repeats on chromosome 4(Huntington disease). Now the probability of him commiting a murder under a heateed circumstance has much more increased. The best and worst of our behaviours are multi-factorial spanning different scales. This is the crux of the book.

Sapolsky has an enjoyable and natural writing style. He is a very good orator too. His lectures especially on Depression and Biological underpinnings of religiosity are my favorite. I picked up this book because I heard that this was  a introductory read in neuroscience lab and wanted to read Sapolsky since I had heard his wonderful lectures. If you ponder regularly about behaviour, this is the best book to explore its underlying biological process.",,Imported from readings.md; first seen in commit 742f5e4. Original heading: Behave by Robert Sapolsky,1,0
,Saturday,Ian McEwan,,,,,0,,,,,,,2024/09/19,2024/09/19,read-2024,,read,"I picked this book because Robert Sapolsky called it brilliant in his book Behave, and it really is. This is a compelling read for those interested in intersection of neuroscience and  literature. The story revolves around life of a neurosurgeon named Henry on a single Saturday. It's not just any ordinary Saturday, it is the day of February 15, 2003, protests in London.  The author connects how ordinary events on a protest day like traffic diversion can significantly alter a single person's day.

In this story, a character with Huntington disease is responsible for a turning Henry's family reunion into a horrifying day. The way this disease affects the state of a mind drives the story's suspense. However, the suspense begins after nearly 200 pages into the book. The earlier pages pages, sets the context about the each individual in Henry's family and exploring their relationships. Since literature was the one of the key themes in the backstory, I enjoyed it.

At times, I resonated with Henry's opinion on magical realism in literature. To  quote Henry, ""*When anything can happen, nothing matters*"". Interestingly, there is a callback to this statement in moments of danger, ""*When anything can happen, everything matters*"". This contrast highlights realist's perspective on literature and real-life events. If you have read any of Oliver Sachs, Karl Deisseroth, Robert Sapolsky, or any other writer who appreciates both science and literature, you must pick this.",,Imported from readings.md; first seen in commit db39ed1. Original heading: Saturday by Ian McEwan,1,0
,Island,Aldous Huxley,,,,,0,,,,,,,2024/08/01,2024/08/01,read-2024,,read,"I picked it up as a fan of Huxley. This book doesn't focus on plot much. Instead, it explores the culture of an utopian island *Pala*. Several aspects of the culture are inspired by Buddhism and Hinduism. The island practices strict population control, not through restriction, but by freely distributing monthly supplies of contraceptives to each household. Huxley was inspired by Malthus' theory(Population grows exponentially, resources grow linearly. In times of shortage, war and disease try to bring back the balance). Huxley considers overpopulation as an enemy of freedom([video](https://www.youtube.com/watch?v=alasBxZsb40)), as it might lead to an oppressive power in an attempt to bring balance.

A child's growth in Pala includes unusual practices like Mutual Adoption Clubs, where parents exchange their kids from time to time. So, a child has biological parents and several deputy parents. This prevents children from being overly influenced by a single set of parents. Education begins with practical life-sciences like ecology and applied psychology. Subjects essential to understand oneself and nature, which our schools ensure that they don't teach.

Just like in Brave New world(BNW), in *Pala* too, promiscuity and entheogens are prevalent. However, unlike in BNW, there is an emphasis on individual relationships through the ancient Indian practice of love-making called *Maithuna*. *Moksha*(Pala's *soma*) medicine is not for forgetting the worries like BNW, but to foster communal harmony.

Another motif in Pala's culture is to teach people to always be aware and conscious. This idea is nicely embodied in bird's repeated calls *Here and Now*, *Attention!*. This concept of *being aware of oneself* is a popular concept among those who meditate. I have always longed to explore this idea in a right context, in a right place, free from daily concerns.

Huxley's deep knowledge and interest in Hinduism and Buddhism are reflected throughout the book. However, at several points, the discussions can be long and abstract. Yet, this  book can is worth exploring for its ideas that Huxley considered essential for Utopian society.",,Imported from readings.md; first seen in commit 4fbb9eb. Original heading: Island by Aldous Huxley,1,0
,God Emperor of Dune,Frank Herbert,,,,,0,,,,,,,2024/08/01,2024/08/01,read-2024,,read,"I had plans of finishing all the 6 Frank Herbert's books. But after this book, I decided it was enough! Most of the book contains Leto's vague philosophical ramblings. Majority of the plot takes place in the end, but motives and actions don't at all seem to match for me. I felt frustrated, when I find that this book is considered the best book in Dune series by many readers. In retrospect, it feels a good idea to stop at book 3, but since it ends with a beginning of a new era, you feel compelled to pick book 4. By the same logic, I picked book 3 after reading book 2. Hence, I recommend to stop at book 1. I have several problems with the series, which I will mention in a blog post.

Additional note:

After watching Dune 2 movie, I had to decided to read the Dune book. Inspired by the comments online that recommend to not stop at the first book, I continued and read till fourth part. Now, I have come to the conclusion that it is a good idea to stop at the first book. There are several reasons for my frustation which I elaborate below.

## The message ""Dangers of charismatic leader"" is not in the book

I was inspired to pick up the book when I saw an interview of Frank Herbert, telling he wrote the Dune books to convey the message of be aware of charismatic leaders. The readers say that you have read till the second part till you get the message. Many argue that Paul is the villain infact. But after reading the second part, I don't get that message at all. People argue that Paul is the charismatic leader who caused Jihad leading to 60 billion deaths. Here are some of the facts in the book, which don't mean that:

1) Paul is not responsible for the Jihad.

>  *And Paul saw how **futile were any efforts of his to change any smallest bit***
> ***of this. He had thought to oppose the jihad within himself**, but the **jihad***
> ***would be.** His legions would rage out from Arrakis **even without him**. They*
> *needed only the legend he already had become. He had shown them the way,*
> *given them mastery even over the Guild which must have the spice to exist.*
> *A sense of failure pervaded him, and he saw through it that Feyd-Rautha*
> *Harkonnen had slipped out of the torn uniform, stripped down to a fighting*
> *girdle with a mail core.*
> *This is the climax, Paul thought. From here, the future will open, the*
> *clouds part onto a kind of glory. **And if I die here, they’ll say I sacrificed***
> ***myself that my spirit might lead them. And if I live, they’ll say nothing can***
> ***oppose Muad’Dib**.*

Firstly, if you are god and leader of a certain group, how can you they NOT listen to you. Just before, he had convinced Fremen, that he would not kill Stilgar and he didn't follow Fremen tradition. And he can't convince them to NOT go for war? And what happened to the warning of destroying sandworm cycle? That won't hold any more?

Suppose you let go these arguments. If Fremen would carry out the Jihad irrespective of he lives or dies, how is Paul villian or anti-hero in this case? When you ask this question on reddit(TODO-ref), they respond telling Paul through his prescience had seen 2 paths - Jihad and he dying. So instead of he dying, he chose Jihad to avenge his father's death, which is selfish. Several times in the book before, they mention that prescience was many times incomplete. Secondly, the alternative was Arrakis being made to prison planet in hands of Harkonnens.

> “I said something like this,” the Baron said. “ ‘The Emperor knows a certain
> amount of killing has always been an arm of business.’ I was referring to our
> work force losses. Then **I said something about considering another solution**
> **to the Arrakeen problem and I said the Emperor’s prison planet inspired me**
> **to emulate him.**”

If Herbert had considered giving this message, he did a bad job!

## Dune part 2 ending

If Paul arrested the ones who were planning to kill him, why would he bring them to Chani's birth endangering his children.

> He had summoned odd companions for this journey, she thought—Bijaz, the Tleilaxu dwarf; the ghola, Hayt, who might be Duncan Idaho’s revenant; Edric, the Guild Steersman-Ambassador; Gains Helen Mohiam, the Bene Gesserit Reverend Mother he so obviously hated; Lichna, Otheym’s strange daughter, who seemed unable to move beyond the watchful eyes of guards

Half of the above people don't want Paul to be the emperor and were plotting to kill him. When Chani asks Paul why, there is as usual vague words

> Why such a strange mixture of companions?
>
> **“We have forgotten,” Paul had said in response to her question, “that the**
> **word ‘company’ originally meant traveling companions. We are a**
> **company.”**
> “But what value are they?”
> “There!” he’d said, turning his frightful sockets toward her. “**We’ve lost**
> **that clear, single-note of living. If it cannot be bottled, beaten, pointed or** **hoarded, we give it no value**.”
>
> Hurt, she’d said: “That’s not what I meant.”
> **“Ahhh, dearest one,” he’d said, soothing, “we are so money-rich and so**
> **life-poor. I am evil, obstinate, stupid …”**
> “You are not!”
> “That, too, is true. But my hands are blue with time. I think … I think I
> tried to invent life, not realising it’d already been invented.”
> And he’d touched her abdomen to feel the new life there.

Part 1 shows Paul as a guy who is both mentally and physically well trained to handle such situations. And such a well trained emperor now makes dumb decisions of bring his all enemies together in the open at his child's birth when he is emotionally weak?

There is another part which I didn't like about the ending. Paul becomes fully blind, yet gets his vision from newly born son. Wasn't this a sci-fi book? When did this magical phenomenon of transfer of sensory signals come in? I had a tough time already accepting the dominant role of prescience in a *sci-fi* novel and this transfer of vision added to the frustation.

## Dune part 3 relatively good

The third one was relatively a better book. It chronicles adventures of the Paul's children. At this point, I had given up on considering this book as sci-fi. A sandtrouth fusing with a human? With the mindset that you are not reading a sci-fi book reduces the frustation by a lot. The book ends with Leto becoming ruler. Obviously, I proceeded to the next part to know what the Golden path is?

## Dune part 4 - the nail in the coffin

Dune fans call it the Gom Jabbar of Dune series. There are several problems with it.

1. A lot of the people face trouble getting across long ambiguous musing of Lord Leto.
2. In the near 600 page long book mostly filled with vague sentences you don't explain what the Golden Path is, when other characters Moneo and Siona know it. Ambiguity in fiction writing is good because it helps reader think of multiple interpretations. But deliberately not explaining what Golden path is explicitly force readers to read the further books.

If Moneo and Siona know what the golden path is and saw a way humanity could get extinct, why don't they explain to Duncan and ask him to join forces. The online interpretations again mess up several things.

Why did Leto commit suicide in the end? Many say, he didn't commit suicide, Siona killed her. But we see a couple of times Leto refusing Lasguns and air protection via ornithopters. People say, Leto did this to bond Siona and Duncan together. Have you tried explaining Golden Path to Siona and Duncan that their genes will help save humanity so it is important for them to breed. He tells that before just before he dies.

I prefer to understand Golden Path as the plan to save humanity by breeding a human whose actions are not visible to orcale. There are a added a couple of meanings which I feel are totally messy!

a) Remove spice addiction

b) Force humanity to migrate to further stars

c) embedd a message in humanity that they don't want to be under a ruler

(a) is the most reasonable among them. But after Leto dies and as he professes sandworms are back, wouldn't the spice addiction return? The point was to save humanity for de-addict only for this duration of 5000 years?

(b) and (c) don't make sense to me. If Leto wanted humans to migrate, he could just send people to stars. He is the God Emperor. Who would say no to him. You can make a whole another planet just with Duncans. (c) is the least sensible because people never chose Leto as their ruler. He became the leader after Alia's death and because he is Paul's son. Tyrant leaders rise to power irrespective of people's desire. Isn't the current state of the world make it evident?

In short, the events seem to occur because author forced it to rather than they occuring as a logical consequence of past events.

Of course, after reading the above, fans will blame the ""inattentive"" or ""dumb"" reader. But the explanations on the internet generally make up for the parts we couldn't understand. Here, the best answers after checking several reddit posts, still don't give are not at all satisfying as I mentioned above. If someone comes up with a better answers for my questions mentioned above, I am ready to change my mind!",,Imported from readings.md; first seen in commit 4fbb9eb. Original heading: God Emperor of Dune by Frank Herbert,1,0
,Children of Dune,Frank Herbert,,,,,0,,,,,,,2024/08/01,2024/08/01,read-2024,,read,"Dune part 3 book has all the kind of action that you enjoyed in part 1 and missed in part 2. The book chronicles adventures of Paul's twin children. A lot of places, character's intentions are unclear. It is mostly characters playing 4D chess against each other. Weird things happen in the book, if you have still some fuel left for Dune after reading part 2, you should try this.

Additional note:

After watching Dune 2 movie, I had to decided to read the Dune book. Inspired by the comments online that recommend to not stop at the first book, I continued and read till fourth part. Now, I have come to the conclusion that it is a good idea to stop at the first book. There are several reasons for my frustation which I elaborate below.

## The message ""Dangers of charismatic leader"" is not in the book

I was inspired to pick up the book when I saw an interview of Frank Herbert, telling he wrote the Dune books to convey the message of be aware of charismatic leaders. The readers say that you have read till the second part till you get the message. Many argue that Paul is the villain infact. But after reading the second part, I don't get that message at all. People argue that Paul is the charismatic leader who caused Jihad leading to 60 billion deaths. Here are some of the facts in the book, which don't mean that:

1) Paul is not responsible for the Jihad.

>  *And Paul saw how **futile were any efforts of his to change any smallest bit***
> ***of this. He had thought to oppose the jihad within himself**, but the **jihad***
> ***would be.** His legions would rage out from Arrakis **even without him**. They*
> *needed only the legend he already had become. He had shown them the way,*
> *given them mastery even over the Guild which must have the spice to exist.*
> *A sense of failure pervaded him, and he saw through it that Feyd-Rautha*
> *Harkonnen had slipped out of the torn uniform, stripped down to a fighting*
> *girdle with a mail core.*
> *This is the climax, Paul thought. From here, the future will open, the*
> *clouds part onto a kind of glory. **And if I die here, they’ll say I sacrificed***
> ***myself that my spirit might lead them. And if I live, they’ll say nothing can***
> ***oppose Muad’Dib**.*

Firstly, if you are god and leader of a certain group, how can you they NOT listen to you. Just before, he had convinced Fremen, that he would not kill Stilgar and he didn't follow Fremen tradition. And he can't convince them to NOT go for war? And what happened to the warning of destroying sandworm cycle? That won't hold any more?

Suppose you let go these arguments. If Fremen would carry out the Jihad irrespective of he lives or dies, how is Paul villian or anti-hero in this case? When you ask this question on reddit(TODO-ref), they respond telling Paul through his prescience had seen 2 paths - Jihad and he dying. So instead of he dying, he chose Jihad to avenge his father's death, which is selfish. Several times in the book before, they mention that prescience was many times incomplete. Secondly, the alternative was Arrakis being made to prison planet in hands of Harkonnens.

> “I said something like this,” the Baron said. “ ‘The Emperor knows a certain
> amount of killing has always been an arm of business.’ I was referring to our
> work force losses. Then **I said something about considering another solution**
> **to the Arrakeen problem and I said the Emperor’s prison planet inspired me**
> **to emulate him.**”

If Herbert had considered giving this message, he did a bad job!

## Dune part 2 ending

If Paul arrested the ones who were planning to kill him, why would he bring them to Chani's birth endangering his children.

> He had summoned odd companions for this journey, she thought—Bijaz, the Tleilaxu dwarf; the ghola, Hayt, who might be Duncan Idaho’s revenant; Edric, the Guild Steersman-Ambassador; Gains Helen Mohiam, the Bene Gesserit Reverend Mother he so obviously hated; Lichna, Otheym’s strange daughter, who seemed unable to move beyond the watchful eyes of guards

Half of the above people don't want Paul to be the emperor and were plotting to kill him. When Chani asks Paul why, there is as usual vague words

> Why such a strange mixture of companions?
>
> **“We have forgotten,” Paul had said in response to her question, “that the**
> **word ‘company’ originally meant traveling companions. We are a**
> **company.”**
> “But what value are they?”
> “There!” he’d said, turning his frightful sockets toward her. “**We’ve lost**
> **that clear, single-note of living. If it cannot be bottled, beaten, pointed or** **hoarded, we give it no value**.”
>
> Hurt, she’d said: “That’s not what I meant.”
> **“Ahhh, dearest one,” he’d said, soothing, “we are so money-rich and so**
> **life-poor. I am evil, obstinate, stupid …”**
> “You are not!”
> “That, too, is true. But my hands are blue with time. I think … I think I
> tried to invent life, not realising it’d already been invented.”
> And he’d touched her abdomen to feel the new life there.

Part 1 shows Paul as a guy who is both mentally and physically well trained to handle such situations. And such a well trained emperor now makes dumb decisions of bring his all enemies together in the open at his child's birth when he is emotionally weak?

There is another part which I didn't like about the ending. Paul becomes fully blind, yet gets his vision from newly born son. Wasn't this a sci-fi book? When did this magical phenomenon of transfer of sensory signals come in? I had a tough time already accepting the dominant role of prescience in a *sci-fi* novel and this transfer of vision added to the frustation.

## Dune part 3 relatively good

The third one was relatively a better book. It chronicles adventures of the Paul's children. At this point, I had given up on considering this book as sci-fi. A sandtrouth fusing with a human? With the mindset that you are not reading a sci-fi book reduces the frustation by a lot. The book ends with Leto becoming ruler. Obviously, I proceeded to the next part to know what the Golden path is?

## Dune part 4 - the nail in the coffin

Dune fans call it the Gom Jabbar of Dune series. There are several problems with it.

1. A lot of the people face trouble getting across long ambiguous musing of Lord Leto.
2. In the near 600 page long book mostly filled with vague sentences you don't explain what the Golden Path is, when other characters Moneo and Siona know it. Ambiguity in fiction writing is good because it helps reader think of multiple interpretations. But deliberately not explaining what Golden path is explicitly force readers to read the further books.

If Moneo and Siona know what the golden path is and saw a way humanity could get extinct, why don't they explain to Duncan and ask him to join forces. The online interpretations again mess up several things.

Why did Leto commit suicide in the end? Many say, he didn't commit suicide, Siona killed her. But we see a couple of times Leto refusing Lasguns and air protection via ornithopters. People say, Leto did this to bond Siona and Duncan together. Have you tried explaining Golden Path to Siona and Duncan that their genes will help save humanity so it is important for them to breed. He tells that before just before he dies.

I prefer to understand Golden Path as the plan to save humanity by breeding a human whose actions are not visible to orcale. There are a added a couple of meanings which I feel are totally messy!

a) Remove spice addiction

b) Force humanity to migrate to further stars

c) embedd a message in humanity that they don't want to be under a ruler

(a) is the most reasonable among them. But after Leto dies and as he professes sandworms are back, wouldn't the spice addiction return? The point was to save humanity for de-addict only for this duration of 5000 years?

(b) and (c) don't make sense to me. If Leto wanted humans to migrate, he could just send people to stars. He is the God Emperor. Who would say no to him. You can make a whole another planet just with Duncans. (c) is the least sensible because people never chose Leto as their ruler. He became the leader after Alia's death and because he is Paul's son. Tyrant leaders rise to power irrespective of people's desire. Isn't the current state of the world make it evident?

In short, the events seem to occur because author forced it to rather than they occuring as a logical consequence of past events.

Of course, after reading the above, fans will blame the ""inattentive"" or ""dumb"" reader. But the explanations on the internet generally make up for the parts we couldn't understand. Here, the best answers after checking several reddit posts, still don't give are not at all satisfying as I mentioned above. If someone comes up with a better answers for my questions mentioned above, I am ready to change my mind!",,Imported from readings.md; first seen in commit 4fbb9eb. Original heading: Children of Dune by Frank Herbert,1,0
,Dune Messiah,Frank Herbert,,,,,0,,,,,,,2024/06/15,2024/06/15,read-2024,,read,"This book was hard to read. At many places, it is wordy and vague. Online forums  were [Jagurutu](http://www.jacurutu.com/index.php?sid=6960afbf721ee245f1fc5b27530f224e) were a great aid. I am still frustrated by the fact that fantasy elements like *prescience* have played a major role in key parts of a **""sci-fi""** book. Yet, I will continue with the next part because I have more questions that   haven't been answered.

Additional note:

After watching Dune 2 movie, I had to decided to read the Dune book. Inspired by the comments online that recommend to not stop at the first book, I continued and read till fourth part. Now, I have come to the conclusion that it is a good idea to stop at the first book. There are several reasons for my frustation which I elaborate below.

## The message ""Dangers of charismatic leader"" is not in the book

I was inspired to pick up the book when I saw an interview of Frank Herbert, telling he wrote the Dune books to convey the message of be aware of charismatic leaders. The readers say that you have read till the second part till you get the message. Many argue that Paul is the villain infact. But after reading the second part, I don't get that message at all. People argue that Paul is the charismatic leader who caused Jihad leading to 60 billion deaths. Here are some of the facts in the book, which don't mean that:

1) Paul is not responsible for the Jihad.

>  *And Paul saw how **futile were any efforts of his to change any smallest bit***
> ***of this. He had thought to oppose the jihad within himself**, but the **jihad***
> ***would be.** His legions would rage out from Arrakis **even without him**. They*
> *needed only the legend he already had become. He had shown them the way,*
> *given them mastery even over the Guild which must have the spice to exist.*
> *A sense of failure pervaded him, and he saw through it that Feyd-Rautha*
> *Harkonnen had slipped out of the torn uniform, stripped down to a fighting*
> *girdle with a mail core.*
> *This is the climax, Paul thought. From here, the future will open, the*
> *clouds part onto a kind of glory. **And if I die here, they’ll say I sacrificed***
> ***myself that my spirit might lead them. And if I live, they’ll say nothing can***
> ***oppose Muad’Dib**.*

Firstly, if you are god and leader of a certain group, how can you they NOT listen to you. Just before, he had convinced Fremen, that he would not kill Stilgar and he didn't follow Fremen tradition. And he can't convince them to NOT go for war? And what happened to the warning of destroying sandworm cycle? That won't hold any more?

Suppose you let go these arguments. If Fremen would carry out the Jihad irrespective of he lives or dies, how is Paul villian or anti-hero in this case? When you ask this question on reddit(TODO-ref), they respond telling Paul through his prescience had seen 2 paths - Jihad and he dying. So instead of he dying, he chose Jihad to avenge his father's death, which is selfish. Several times in the book before, they mention that prescience was many times incomplete. Secondly, the alternative was Arrakis being made to prison planet in hands of Harkonnens.

> “I said something like this,” the Baron said. “ ‘The Emperor knows a certain
> amount of killing has always been an arm of business.’ I was referring to our
> work force losses. Then **I said something about considering another solution**
> **to the Arrakeen problem and I said the Emperor’s prison planet inspired me**
> **to emulate him.**”

If Herbert had considered giving this message, he did a bad job!

## Dune part 2 ending

If Paul arrested the ones who were planning to kill him, why would he bring them to Chani's birth endangering his children.

> He had summoned odd companions for this journey, she thought—Bijaz, the Tleilaxu dwarf; the ghola, Hayt, who might be Duncan Idaho’s revenant; Edric, the Guild Steersman-Ambassador; Gains Helen Mohiam, the Bene Gesserit Reverend Mother he so obviously hated; Lichna, Otheym’s strange daughter, who seemed unable to move beyond the watchful eyes of guards

Half of the above people don't want Paul to be the emperor and were plotting to kill him. When Chani asks Paul why, there is as usual vague words

> Why such a strange mixture of companions?
>
> **“We have forgotten,” Paul had said in response to her question, “that the**
> **word ‘company’ originally meant traveling companions. We are a**
> **company.”**
> “But what value are they?”
> “There!” he’d said, turning his frightful sockets toward her. “**We’ve lost**
> **that clear, single-note of living. If it cannot be bottled, beaten, pointed or** **hoarded, we give it no value**.”
>
> Hurt, she’d said: “That’s not what I meant.”
> **“Ahhh, dearest one,” he’d said, soothing, “we are so money-rich and so**
> **life-poor. I am evil, obstinate, stupid …”**
> “You are not!”
> “That, too, is true. But my hands are blue with time. I think … I think I
> tried to invent life, not realising it’d already been invented.”
> And he’d touched her abdomen to feel the new life there.

Part 1 shows Paul as a guy who is both mentally and physically well trained to handle such situations. And such a well trained emperor now makes dumb decisions of bring his all enemies together in the open at his child's birth when he is emotionally weak?

There is another part which I didn't like about the ending. Paul becomes fully blind, yet gets his vision from newly born son. Wasn't this a sci-fi book? When did this magical phenomenon of transfer of sensory signals come in? I had a tough time already accepting the dominant role of prescience in a *sci-fi* novel and this transfer of vision added to the frustation.

## Dune part 3 relatively good

The third one was relatively a better book. It chronicles adventures of the Paul's children. At this point, I had given up on considering this book as sci-fi. A sandtrouth fusing with a human? With the mindset that you are not reading a sci-fi book reduces the frustation by a lot. The book ends with Leto becoming ruler. Obviously, I proceeded to the next part to know what the Golden path is?

## Dune part 4 - the nail in the coffin

Dune fans call it the Gom Jabbar of Dune series. There are several problems with it.

1. A lot of the people face trouble getting across long ambiguous musing of Lord Leto.
2. In the near 600 page long book mostly filled with vague sentences you don't explain what the Golden Path is, when other characters Moneo and Siona know it. Ambiguity in fiction writing is good because it helps reader think of multiple interpretations. But deliberately not explaining what Golden path is explicitly force readers to read the further books.

If Moneo and Siona know what the golden path is and saw a way humanity could get extinct, why don't they explain to Duncan and ask him to join forces. The online interpretations again mess up several things.

Why did Leto commit suicide in the end? Many say, he didn't commit suicide, Siona killed her. But we see a couple of times Leto refusing Lasguns and air protection via ornithopters. People say, Leto did this to bond Siona and Duncan together. Have you tried explaining Golden Path to Siona and Duncan that their genes will help save humanity so it is important for them to breed. He tells that before just before he dies.

I prefer to understand Golden Path as the plan to save humanity by breeding a human whose actions are not visible to orcale. There are a added a couple of meanings which I feel are totally messy!

a) Remove spice addiction

b) Force humanity to migrate to further stars

c) embedd a message in humanity that they don't want to be under a ruler

(a) is the most reasonable among them. But after Leto dies and as he professes sandworms are back, wouldn't the spice addiction return? The point was to save humanity for de-addict only for this duration of 5000 years?

(b) and (c) don't make sense to me. If Leto wanted humans to migrate, he could just send people to stars. He is the God Emperor. Who would say no to him. You can make a whole another planet just with Duncans. (c) is the least sensible because people never chose Leto as their ruler. He became the leader after Alia's death and because he is Paul's son. Tyrant leaders rise to power irrespective of people's desire. Isn't the current state of the world make it evident?

In short, the events seem to occur because author forced it to rather than they occuring as a logical consequence of past events.

Of course, after reading the above, fans will blame the ""inattentive"" or ""dumb"" reader. But the explanations on the internet generally make up for the parts we couldn't understand. Here, the best answers after checking several reddit posts, still don't give are not at all satisfying as I mentioned above. If someone comes up with a better answers for my questions mentioned above, I am ready to change my mind!",,Imported from readings.md; first seen in commit 11cf9d4. Original heading: Dune Messiah by Frank Herbert,1,0
,Why We Die,Venki Ramakrishnan,,,,,0,,,,,,,2024/06/15,2024/06/15,read-2024,,read,"I picked this book because I loved Venki's first book- The Gene Machine. This book repeatedly proves the point that a good writing on an unfamiliar topic is much more enjoyable bad writing on a exciting topic.

The book can be considered as a crash course in cell biology. The author explains different causes of aging and death at the level of activities that go wrong within a cell - accumulation of waste, too many misfolded proteins, DNA damage etc. Even though you are not enthusiastic about biological details, Venki's writing spurs great interest. I believe it is due to these 2 pedagogical techiques:

a) Explaining from a historical perspective. Venki doesn't just drop you that this fact about cell exists and was discovered by so and so scientist. He walks through all the key discoveries in chronological order that led to it. This narrative helps narrator think about the ideas in a more organised way. This should be a lesson taught to every teacher - find a way to put ideas in the students' head in a organised way instead of shooting with facts. (But a more fundamental reason for many bad teachers is not that this a secret they are yet to discover, but because they themselves lack clarity in the subject)

b) Einstein once said ""*Everything should be made as simple as possible, but no simpler*"". Once Venki explains a point. He adds a couple of sentences more to emphasise the important point. He sometimes simplifies it, for example, ""improve life expectancy faster than age"" is followed by ""life expectancy increases by more than year annually."" Or he puts a useful analogy to daily life objects.

In addition to the above, Venki makes the last but one paragraph of each chapter as a concise summary of the present chapter and the last paragraph gives you an direction of next chapter. Each chapter begins with small personal story    before embarking on complex cellular details discussion. Such good writing preserves the human side of details filled science.

[Chris Olah once mentioned](https://www.youtube.com/watch?v=bzJigelnRBE) that reason there is friction that complex ideas are difficult to communicate from writer to the reader is that in his/her working memory, the writer has the context set, which the reader lacks. Good writers realise this cognitive load and they try to make the road smoother for reader instead of diverting them to a messy shortcut.

Another quality that makes this book qualify as an good book is provides a new perspective for an outsider in the field. As you read along, one develops a perspective of how processes inside the tiny cell has consequences for what we see and experience as ageing(Douglas Hofstadter provides such a perspective on about consciousness and neurons). Irrespective of your interest in biology, if you enjoy good writing and have an interesting understanding details of life, pick this book.",,Imported from readings.md; first seen in commit 11cf9d4. Original heading: Why we die by Venki Ramakrishnan,1,0
,Dune,Frank Herbert,,,,,0,,,,,,,2024/06/04,2024/06/04,read-2024,,read,"Picked this book after watching the movies(Part-1,2) and this [interview](https://www.youtube.com/watch?v=26GPaMoeiu4), where Herbert tells that his book tries to convey a message about the dangers of charismatic leaders. As I read the book, I felt great appreciation for Denis V. for cutting down parts and making necessary changes to adapt the book for the screen.

Though the book is labelled as science fiction, the aspect of ""prescience"" makes it feel like a fantasy book which I avoid. However, it seems that Herbert was inspired by the idea of Laplace's demon - a creature that knew everything about individual atoms and physical laws and hence could calculate the future. At one point, I convinced myself that Spice could heighten abilities like making such absurd amount of computation in human beings that have evolved after thousands of years.

Reading a book after watching the movie suppress the thrill because you already know what is going to happen(""*prescience*""). Nevertheless, I had to read this book to read the next part so that I get the interesting message that Herbert wanted to convey.

Additional note:

After watching Dune 2 movie, I had to decided to read the Dune book. Inspired by the comments online that recommend to not stop at the first book, I continued and read till fourth part. Now, I have come to the conclusion that it is a good idea to stop at the first book. There are several reasons for my frustation which I elaborate below.

## The message ""Dangers of charismatic leader"" is not in the book

I was inspired to pick up the book when I saw an interview of Frank Herbert, telling he wrote the Dune books to convey the message of be aware of charismatic leaders. The readers say that you have read till the second part till you get the message. Many argue that Paul is the villain infact. But after reading the second part, I don't get that message at all. People argue that Paul is the charismatic leader who caused Jihad leading to 60 billion deaths. Here are some of the facts in the book, which don't mean that:

1) Paul is not responsible for the Jihad.

>  *And Paul saw how **futile were any efforts of his to change any smallest bit***
> ***of this. He had thought to oppose the jihad within himself**, but the **jihad***
> ***would be.** His legions would rage out from Arrakis **even without him**. They*
> *needed only the legend he already had become. He had shown them the way,*
> *given them mastery even over the Guild which must have the spice to exist.*
> *A sense of failure pervaded him, and he saw through it that Feyd-Rautha*
> *Harkonnen had slipped out of the torn uniform, stripped down to a fighting*
> *girdle with a mail core.*
> *This is the climax, Paul thought. From here, the future will open, the*
> *clouds part onto a kind of glory. **And if I die here, they’ll say I sacrificed***
> ***myself that my spirit might lead them. And if I live, they’ll say nothing can***
> ***oppose Muad’Dib**.*

Firstly, if you are god and leader of a certain group, how can you they NOT listen to you. Just before, he had convinced Fremen, that he would not kill Stilgar and he didn't follow Fremen tradition. And he can't convince them to NOT go for war? And what happened to the warning of destroying sandworm cycle? That won't hold any more?

Suppose you let go these arguments. If Fremen would carry out the Jihad irrespective of he lives or dies, how is Paul villian or anti-hero in this case? When you ask this question on reddit(TODO-ref), they respond telling Paul through his prescience had seen 2 paths - Jihad and he dying. So instead of he dying, he chose Jihad to avenge his father's death, which is selfish. Several times in the book before, they mention that prescience was many times incomplete. Secondly, the alternative was Arrakis being made to prison planet in hands of Harkonnens.

> “I said something like this,” the Baron said. “ ‘The Emperor knows a certain
> amount of killing has always been an arm of business.’ I was referring to our
> work force losses. Then **I said something about considering another solution**
> **to the Arrakeen problem and I said the Emperor’s prison planet inspired me**
> **to emulate him.**”

If Herbert had considered giving this message, he did a bad job!

## Dune part 2 ending

If Paul arrested the ones who were planning to kill him, why would he bring them to Chani's birth endangering his children.

> He had summoned odd companions for this journey, she thought—Bijaz, the Tleilaxu dwarf; the ghola, Hayt, who might be Duncan Idaho’s revenant; Edric, the Guild Steersman-Ambassador; Gains Helen Mohiam, the Bene Gesserit Reverend Mother he so obviously hated; Lichna, Otheym’s strange daughter, who seemed unable to move beyond the watchful eyes of guards

Half of the above people don't want Paul to be the emperor and were plotting to kill him. When Chani asks Paul why, there is as usual vague words

> Why such a strange mixture of companions?
>
> **“We have forgotten,” Paul had said in response to her question, “that the**
> **word ‘company’ originally meant traveling companions. We are a**
> **company.”**
> “But what value are they?”
> “There!” he’d said, turning his frightful sockets toward her. “**We’ve lost**
> **that clear, single-note of living. If it cannot be bottled, beaten, pointed or** **hoarded, we give it no value**.”
>
> Hurt, she’d said: “That’s not what I meant.”
> **“Ahhh, dearest one,” he’d said, soothing, “we are so money-rich and so**
> **life-poor. I am evil, obstinate, stupid …”**
> “You are not!”
> “That, too, is true. But my hands are blue with time. I think … I think I
> tried to invent life, not realising it’d already been invented.”
> And he’d touched her abdomen to feel the new life there.

Part 1 shows Paul as a guy who is both mentally and physically well trained to handle such situations. And such a well trained emperor now makes dumb decisions of bring his all enemies together in the open at his child's birth when he is emotionally weak?

There is another part which I didn't like about the ending. Paul becomes fully blind, yet gets his vision from newly born son. Wasn't this a sci-fi book? When did this magical phenomenon of transfer of sensory signals come in? I had a tough time already accepting the dominant role of prescience in a *sci-fi* novel and this transfer of vision added to the frustation.

## Dune part 3 relatively good

The third one was relatively a better book. It chronicles adventures of the Paul's children. At this point, I had given up on considering this book as sci-fi. A sandtrouth fusing with a human? With the mindset that you are not reading a sci-fi book reduces the frustation by a lot. The book ends with Leto becoming ruler. Obviously, I proceeded to the next part to know what the Golden path is?

## Dune part 4 - the nail in the coffin

Dune fans call it the Gom Jabbar of Dune series. There are several problems with it.

1. A lot of the people face trouble getting across long ambiguous musing of Lord Leto.
2. In the near 600 page long book mostly filled with vague sentences you don't explain what the Golden Path is, when other characters Moneo and Siona know it. Ambiguity in fiction writing is good because it helps reader think of multiple interpretations. But deliberately not explaining what Golden path is explicitly force readers to read the further books.

If Moneo and Siona know what the golden path is and saw a way humanity could get extinct, why don't they explain to Duncan and ask him to join forces. The online interpretations again mess up several things.

Why did Leto commit suicide in the end? Many say, he didn't commit suicide, Siona killed her. But we see a couple of times Leto refusing Lasguns and air protection via ornithopters. People say, Leto did this to bond Siona and Duncan together. Have you tried explaining Golden Path to Siona and Duncan that their genes will help save humanity so it is important for them to breed. He tells that before just before he dies.

I prefer to understand Golden Path as the plan to save humanity by breeding a human whose actions are not visible to orcale. There are a added a couple of meanings which I feel are totally messy!

a) Remove spice addiction

b) Force humanity to migrate to further stars

c) embedd a message in humanity that they don't want to be under a ruler

(a) is the most reasonable among them. But after Leto dies and as he professes sandworms are back, wouldn't the spice addiction return? The point was to save humanity for de-addict only for this duration of 5000 years?

(b) and (c) don't make sense to me. If Leto wanted humans to migrate, he could just send people to stars. He is the God Emperor. Who would say no to him. You can make a whole another planet just with Duncans. (c) is the least sensible because people never chose Leto as their ruler. He became the leader after Alia's death and because he is Paul's son. Tyrant leaders rise to power irrespective of people's desire. Isn't the current state of the world make it evident?

In short, the events seem to occur because author forced it to rather than they occuring as a logical consequence of past events.

Of course, after reading the above, fans will blame the ""inattentive"" or ""dumb"" reader. But the explanations on the internet generally make up for the parts we couldn't understand. Here, the best answers after checking several reddit posts, still don't give are not at all satisfying as I mentioned above. If someone comes up with a better answers for my questions mentioned above, I am ready to change my mind!",,Imported from readings.md; first seen in commit 105fcd2. Original heading: Dune by Frank Herbert,1,0
,How to Change your Mind,Michael Pollan,,,,,0,,,,,,,2024/04/27,2024/04/27,read-2024,,read,"An interesting topic for people in psychology is ""altered state of mind."" Accounts of it in diseased states are explored well in Oliver Sacks' *Hallucinations*. Aldous Huxley's *Doors of Perception* is one of the best personal accounts of achieving an altered state through a substance.

In this book, Pollan covers the literature of Psychedelics in all 3 aspects - historic, scientific, personal accounts. In historical part, he discusses different psychedelic substances were discovered, how scientists saw the potential to cure mental health diseases or over death anxiety in terminally ill patients with these, how some people saw it as a way to unlock human potential and elevate human society. Lastly, how one man(Timothy Leary) could be held responsible for these substances becoming anti-culture. A laudable thing about Pollan is that his writing covers different aspects of an argument(like it was not Leary's fault completely!).

In the scientific part, Pollan explores the neural correlates of psychedelics' famous effect  ego-death. The other fascinating part of this book is author's personal trips on different substances. In each of his trip, he sees his family emotions amplified and you come across funny things like watching the hollow mask illusion while high.

If you have read Huxley's Doors of Perception, this book should be definitely on your list!",,Imported from readings.md; first seen in commit 1d21afb. Original heading: How to Change your Mind by Michael Pollan,1,0
,The Hitchhiker's Guide to the Galaxy,Douglas Adams,,,,,0,,,,,,,2024/03/07,2024/03/07,read-2024,,read,"The reading experience would have been much more fun if I wasn't aware of the best parts of the book like planet's destruction, 42 and Heart of Gold. A short book worth reading. A couple of disappointments - a)at places, complex sci-fi words were used without much explanation b)I feel there are jokes in the book require a peculiar thought process to understand them. Such jokes are hard to appreciate without any hint given to the reader. For example, see the [digital watches joke](https://www.reddit.com/r/books/comments/63i028/douglas_adams_the_hitchhikers_guide_to_the_galaxy/).",,Imported from readings.md; first seen in commit a347f28. Original heading: The Hitchiker's guide to the Galaxy by Douglas Adams,1,0
,Anna Karenina,Leo Tolstoy,,,,,0,,,,,,,2024/03/07,2024/03/07,read-2024,,read,"An overrated classic. The book has a natural storyline depicting the inner conflicts of a woman(probably narcissistic?) who ends up in an affair. But there are several long pieces of text, that had zero contribution to the story and hamper the reading experience.

Edit: As I thought about the book again and again, I began to appreciate it more. Tolstoy really nailed the behavior and emotions of different characters in the situations. The unrelated parts might have made me furious and caused me to give such a harsh review. Its a good book!",,Imported from readings.md; first seen in commit a347f28. Original heading: Anna Karenina by Leo Tolstoy,1,0
,Genius Makers,Cade Metz,,,,,0,,,,,,,2023/08/07,2023/08/07,read-2023,,read,"Ideas that change the course of history mostly face an early resistance from the community. It requires huge intellectual courage to work on the ideas at a time, when majority in the field find it silly and unpromising. James Gleick captures one such narrative in his book ""Chaos"", chronicling the  evolution of Non-Linear dynamics. Genius Makers by Cade Metz is another such book. A book about the rise of AI, more specifically deep learning. Starting from Rosenblatt's perceptron to Google's BERT Language model, the book covers historic moments in the field of AI and stories of people behind it.

Note that books like these are not just about technologies and ideas, but also the people behind them. It is interesting to see how the big names in the field had started their journey that was so different what they would achieve. As we are being bombarded with AI achievements, I think it is the right time to read this book before a sequel comes out. (This book doesn't have anything about GPT!)",,Imported from readings.md; first seen in commit 9d9bcb5. Original heading: Genius Makers by Cade Metz,1,0
,A Thousand Brains,Jeff Hawkins,,,,,0,,,,,,,2023/08/07,2023/08/07,read-2023,,read,"Jeff Hawkins is an entrepreneur-turned-self-taught neuroscientist, who built a company named ""Numenta"" to understand the workings of neocortex, the component of our brain responsible for higher cognitive tasks. He wrote 'A thousand brains' book to explain his work and ideas about the neocortex to the general public.

While the first half of this book has many bold ideas, I found myself sceptical of them as they lacked experimental evidence. Although Jeff and his colleagues have produced journal papers to support their work, those papers provide a computational model built on basis of their ideas. I am not against computational model work, but with a play of parameters and many assumptions can lead to a model that aligns with researcher's expectations but not objective reality.

I believe that a genuine testament to a theory's validity lies either in experimental evidence or its tangible application. A good example of the latter is ChatGPT. You don't need any benchmark tests to show that the billion parameter model is good. People buy it and use it in their day-to-day life because it adds value. It is useful!. In Ilya Sutskever's works, *usefulness is the best metric*.

The latter half of the book contains interesting futuristic discussions about preserving human knowledge and extraterrestrial communication. Hawkins suggests some new ideas humans might convey a message in space, that other forms of life can decipher. While I came for the brain theories, I liked this part of the book!",,Imported from readings.md; first seen in commit e491c5f. Original heading: A thousand brains by Jeff Hawkins,1,0
,The Double,Fyodor Dostoevsky,,,,,0,,,,,,,2023/08/07,2023/08/07,read-2023,,read,"A short story written by Dostoevsky three years before his exile. While I have always been an admirer of Dostoevsky's work, I didn't enjoy this one. The events surround protagonist's double and story's conclusion were hard to reconcile. The writing style contrasts from his other popular works like Notes from Underground, where Dostoevsky masterfully dissects a man's thoughts. I felt 'The Double' lacked that. Maybe this one requires a re-reading to get a clearer perspective, but I feel like revisiting ""Notes from underground"" to experience the Dostoevsky I cherish.",,Imported from readings.md; first seen in commit e491c5f. Original heading: Double by Fyodor Dostoevsky,1,0
,Gene Machine,Venki Ramakrishnan,,,,,0,,,,,,,2023/05/10,2023/05/10,read-2023,,read,"The book chronicles the journey of Venki Ramakrishnan from a graduate student in theoretical physics to a Nobel Prize-winning Ribosome structural biologist. This book is an essential reading for anyone involved in research for two  reasons. Firstly, it offers valuable insights into the inner workings of effective scientific research, including the work culture at MRC London Institute (home to 12 Nobel laureates, including Watson and Crick), the significance of an enthusiastic work environment, and how top researchers select their problems to work on, as well as the role of luck. Secondly, as a personal account of Ramakrishnan's journey, the book exposes the insecurities that even the best researchers face, making it relatable and reassuring for others in the field. Although the book contains substantial structural biology content, readers from diverse backgrounds will still be able to appreciate and enjoy the narrative.",,Imported from readings.md; first seen in commit 4fa6a19. Original heading: Gene Machine by Venki Ramakrishnan,1,0
,Hallucinations,Oliver Sacks,,,,,0,,,,,,,2023/05/08,2023/05/08,read-2023,,read,"Hallucinations, as the name suggests, delves into various clinical case studies where people ""see"" things that don't exist projected onto reality. Oliver Sacks discusses different mental conditions and the types of hallucinations patients experience, such as those associated with Charles Bonnet syndrome, Parkinson's disease, and epilepsy. The book also includes discussions of auditory (hearing things that don't exist) and olfactory hallucinations (smelling things that don't exist).

Oliver also talks about cases where hallucinations occur in sane people, such as on the threshold of sleep (hypnagogic hallucinations) or just as people rise from sleep (hypnopompic hallucinations). Apart from these, the book covers other fascinating cases like doppelganger hallucinations (where you hallucinate another person just like you) and out-of-body experiences (OBE) where one feels oneself outside of their body.

The writing is quite enjoyable. Occasionally, you might find yourself bored with the motifs in certain chapters. However, an equal number of times, you come across something truly exciting like an interesting literary reference or a spine-chilling case. For example, consider the following case:

Once, a patient diagnosed and treated by Oliver, rushed to him and questioned why Oliver, whom he considered a nice guy, asked him to jump off the hospital roof. Oliver asked the man if he had seen him around, to which the man replied, ""No."" Oliver suggested that the next time he hears such a voice, he should look around and check. The next day, the man again heard Oliver's voice commanding him to jump off the roof, adding, ""And no need to turn around, because I am already here."" Fortunately, the man resisted the urge to jump, and after three years of treatment, he eventually recovered.

Oliver is also an avid reader and frequently points out popular literature references. Dostoevsky had temporal lobe epilepsy, and it has been observed that people with this condition often have hyper religiosity. I often used to wonder why a rational thinker like Dostoevsky would be so religious. It is a strange realization to learn that the style of his writings may have originated from a physiological dysfunction. Another interesting fact for literary enthusiasts - Guy de Maupassant experienced doppelgänger hallucinations, a phenomenon where you hallucinate someone who looks exactly like you.

## Paranormal experiences have neurophysiological origins

Whenever I hear a paranormal story from any of my friends, I wonder about the true rational explanation behind it. I strongly believe that nothing is supernatural and that everything adheres to the laws of physics. This book aims to strengthen such convictions in others as well. Throughout the book, we come across cases where patients experience seemingly paranormal events, such as encountering someone who looks exactly like themselves or hearing a voice just after waking up. In cultures that lack scientific or rational understanding, these experiences often give rise to tales of ghosts and spirits. Realizing that these phenomena have a physiological basis can enlighten many of us.

## Favourite part

In conclusion, I would like to highlight my favorite part of the book - the chapter titled ""Altered States."" This chapter was particularly enjoyable for me, as the stories were incredibly *trippy*. The last story, however, was truly moving. During a period in Oliver's life, he had a routine of spending weekends under the influence of *amphetamines*. These dangerous drugs can lead to high blood pressure, and overdoses, which are all too common, can be fatal. After each weekend, Oliver would feel drained and guilty.

Once, he happen to come across a book on Migranes by Edward Levine. A fat book of around 500 pages written in 1860s. On amphetamines, as he read the book, the emotions because intensified. He felt as though he was writing it, he was living the book. Oliver was really fascinated by Edward's writing, which had a perfect mixture of science and humanism. He read the book in one go straight without moving a muscle. After done with reading, Oliver asked himself who would be Edward of his era. An inner voice answered ""**you**"". Oliver, then decided to start writing his own book. As he describes, the joy he derived from writing the book was *infinitely real*. The story ends with the line *And I never took amphetamines again*.

Once, he came across a book on migraines by Edward Liveing, a hefty book around 500 pages on migrane, written in1870s. One weekend, while on amphetamines, as he read the book, his emotions intensified. He felt as though he was writing it and living the book. Oliver was deeply captivated by Edward's writing, which masterfully combined science and humanism. He read the book in one sitting without *moving a muscle*. When he finished reading, Oliver asked himself who would be the Edward Liveing of his time. An inner voice replied, ""**You silly bugger! You are the man.**"". This prompted Oliver to start writing his own book. As he describes, the joy he derived from writing the book was *infinitely real*. The story concludes with the line, *And I never took amphetamines again*.

Once, he came across a substantial volume of around 500 pages on migraines, written by Edward Liveing the 1870s. One weekend, while on amphetamines, as he read the book, his emotions intensified. He felt as though he was writing it and living the book. He felt as if he was becoming Liveing himself, seeing the patients he described in the book. Oliver was deeply captivated by Liveing's writing, which masterfully combined science and humanism. He read the entire book in one sitting, without moving a muscle. When he finished reading, Oliver asked himself who would be the Edward Liveing of his time. An inner voice responded, ""**You silly bugger! You are the man.**"". This prompted Oliver to start writing his own book. As he describes, the joy he derived from writing the book was *infinitely real*. The story concludes with the line, *And I never took amphetamines again*

Certain drugs can amplify emotions, and what I find remarkable about this story is that Oliver found a greater sense of purpose in life while on amphetamines, which in turn led him to leave amphetamines behind. This contrasts with the common perception that the more substances are an escape from reality. While this may be true in many cases, this story demonstrates that an amplified emotional state, when combined with the right setting - such as reading a book on a subject you deeply care about - can reveal a hidden potential within.

I have always been captivated by the diverse experiences that the human brain can generate, and this book offers a plethora of such instances. On a personal level, this book has reinforced my belief that ultimately the underlying physiology dictates an individual's experiences and behaviours.",,Imported from readings.md; first seen in commit 4fc408f. Original heading: Hallucinations by Oliver Sacks,1,0
,The Elephant in the Brain,Kevin Simler; Robin Hanson,,,,,0,,,,,,,2022/12/28,2022/12/28,read-2022,,read,"This book can be summarized with the quote - *A man always has two reasons for doing anything: a good reason and a real reason.* The book talks about the hidden motives behind our actions. Hidden motives as in not just unknown to other people, but also to you(your consciousness). Through evolution, our brains have learnt to deceive ourselves before deceiving others. This is perfect for survival because if you are unaware of it, then you won't express it and your real selfish motive will remain hidden. Any Freud fan would surely be attracted to such an idea that explores the unconscious side of the brain.

This first part of this book does a great job in explaining how such a self-deception came into existence and why it is necessary for survival. The second part of the book explore implications of this idea in large scale institutions like Education, Politics, Religion, Medicine, Art. The book uncovers the hidden motives by showing the discrepancy between the apparent intention and action. These discussions are also backed by evolutionary arguments and experiments on animals. I was really impressed by this aspect of the book.

This is an interesting book explaining one of the less explored aspects of human nature. Reading this might help to highten your self-perception.",,Imported from readings.md; first seen in commit 325850c. Original heading: The Elephant in the Brain by Simler and Hanson,1,0
,The Trial,Franz Kafka,,,,,0,,,,,,,2022/12/28,2022/12/28,read-2022,,read,"Despite being unfinished, Kafka's novels have a great popularity. To understand the true legacy of Kafka, I picked up this book(this is my 3rd Kafka book. After Metamorphosis and Amerika). A sense of guilt still haunts me for not having understood Kafka's celebrated genius in all of his books. The book has a good start, but over time, I felt chapters ended abruptly and many scenes were unnecessary. May be it requires more patience, skill and literary intelligence to appreciate Kafka and his work.",,Imported from readings.md; first seen in commit 325850c. Original heading: The Trial by Franz Kafka,1,0
,The Black Swan,Nassim Nicholas Taleb,,,,,0,,,,,,,2022/09/21,2022/09/21,read-2022,,read,"A wonderful reading experience! The book deals with randomness and human perception of it. One can find many good discussions on broad range of topics(yet related to central theme of the book) like human bias, career advice, philosophy, baloney, Gaussian curve. The most important effect of this book is that it tries to make the reader aware of one's own limitations(***anti-library,narrative fallacy,ludic fallacy,epistemic arrogance, Popper's disproving, effect of the unseen, GIF, Locke's madman, END(Evidence of No Disease) and NED(No Evidence of Disease), mediocristan vs extremistan*** ) and teaches to accept the key role of uncertainty(***Black swans***) and if possible try to take advantage of it(***barbell strategy, Appelles the painter,stochastic tinkering, practitioner, empiricist***).

Many words marked in bold are the things that will hit you hard when you read the book.",,Imported from readings.md; first seen in commit 38d2f3c. Original heading: Black Swan by N. N. Taleb,1,0
,The Autobiography of Benjamin Franklin,Benjamin Franklin,,,,,0,,,,,,,2022/09/21,2022/09/21,read-2022,,read,"An important take away for me from the book is with discipline and meticulous planning, how one can improve one's character(chapter - Plan for attaining Moral Perfection). I picked up this book when I came across Franklin's efforts to improve his elegance in writing, mentioned in the book Peak(one of the most important Psychology books in my opinion).  At places, some witty insights like these are enjoyable

> A  man being sometimes more generous when he has but little money than when he has plenty, perhaps thro' fear of being  thought to have little.

>  So convenient a thing it is to be a reasonable creature since it enables one to find or make a reason for everything one has a mind to do

> a benevolent man should allow a few defaults in himself to keep his friends in countenance

> Human felicity is produced not so much by great pieces of good fortune that seldom happened, as by little advantages that occur every day

For someone super organized like Franklin, no doubt that having small things in order leaves a room for lot of time and cognitive space to do more important things. But I confess that at times, I skimmed over parts where too many details of anecdotes were mentioned.",,Imported from readings.md; first seen in commit 38d2f3c. Original heading: The Autobiography of Benjamin Franklin,1,0
,The Selfish Gene,Richard Dawkins,,,,,0,,,,,,,2022/07/14,2022/07/14,read-2022,,read,"The book's main aim is to explain evolution of life from Gene's perspective.  Personally, the most impactful parts of the book were where Dawkins explains how several aspects of animal behaviour like preference for relatives over others, males' efforts to attract females arise from  genes acting in their selfish interest. On reflection, this makes us feel how strongly evolutionary wiring influences our daily actions and decisions.

Yet, the book also points out that only we humans are capable of acting against our evolutionary hard wiring. Evolution by giving rise to consciousness in humans made a machine(human), which could understand how it was built. Humans using a contraceptive is an example of an action against the gene's dictatorship.

> We, alone on earth, can rebel against the tyranny of the selfish replicators

The chapter on Memes(Mimeme, unit of cultural transmission) explains evolution of life from a cultural perspective. A thought-provoking explanation for questions like why traditions exist?,  how are they passed on from generation to generation?, why some traditions last so long? Somehow the book has left me with the impression that with proper usage of Gene's and/or Meme's point of view, one could explain the reason behind every single human action.

At several places in the book, well-written lines force the reader to pause and ponder its implications in one's own life. When you pick up the book, give the longest pause when you see the below lines.

> .... When we die there  are two things we can leave behind us: genes and memes. We were built as gene machines, created to  pass on our genes. But that aspect of us will be forgotten in three generations. Your child, even your  grandchild, may bear a resemblance to you, perhaps in facial features, in a talent for music, in the colour of her hair. But as each generation passes, the contribution of your genes is halved. It does not take long  to reach negligible proportions. Our genes may be immortal but the collection of genes that is any one of  us is bound to crumble away. Elizabeth II is a direct descendant of William the Conqueror. Yet it is quite  probable that she bears not a single one of the old king's genes.
>
> **We should not seek immortality in  reproduction**.  But if you contribute to the world's culture, if you have a good idea, compose a tune, invent a sparking  plug, write a poem, it may live on, intact, long after your genes have dissolved in the common pool.  **Socrates may or may not have a gene or two alive in the world today, as G. C. Williams has remarked,  but who cares? The meme-complexes of Socrates, Leonardo, Copernicus and Marconi are still going  strong**.",,Imported from readings.md; first seen in commit dc16664. Original heading: The Selfish Gene by Richard Dawkins,1,0
,Life Lessons from Freud,Brett Kahr,,,,,0,,,,,,,2022/04/29,2022/04/29,read-2022,,read,"Picked this book because ""Freud"" was in the title.  Essays where some of the interesting Freud's ideas are discussed - relation of filial piety and complacency, Freudian Slips, Freud's respect for patients' privacy, affect of past on the unconscious mind, Freud's theories on jokes and narcissism.  A good book to get introduced to some of Freud's ideas.",,Imported from readings.md; first seen in commit ccb30fb. Original heading: Life Lessons From Freud by Brett Kahr,1,0
,Slaughterhouse-Five,Kurt Vonnegut,,,,,0,,,,,,,2022/04/29,2022/04/29,read-2022,,read,"Things that I loved about this book  - interesting non-linear story narration, neat writing style with lack of pomp and most importantly philosophical lessons about freewill by Tralfamadorians(an alien species).  A classic book that every literature enthusiast ought to read.",,Imported from readings.md; first seen in commit ccb30fb. Original heading: Slaughterhouse 5: The Children's Crusade by Kurt Vonnegut,1,0
,Amerika,Franz Kafka,,,,,0,,,,,,,2022/04/09,2022/04/09,read-2022,,read,"This is a Kafka's unfinished novel. I picked up this book with a hope that I might recognize Kafka's genius elements at least in this book. To my disappointment, I could not.  I admit that I dragged myself hard to finish this novel. But it was a good read.",,Imported from readings.md; first seen in commit e34af6e. Original heading: Amerika by Franz Kafka,1,0
,Metamorphosis,Franz Kafka,,,,,0,,,,,,,2022/04/09,2022/04/09,read-2022,,read,"Kafka though never achieved fame during his lifetime continued to write(the works that made Kafka popular are published after his death).  This, I felt is a true sign of love for writing. Hence I started picking up Kafka's books.  Metamorphosis is a short and good read with a simple writing style.  I confess that I couldn't grasp the genius elements of the book.",,Imported from readings.md; first seen in commit e34af6e. Original heading: Metamorphosis by Franz Kafka,1,0
,The Doors of Perception,Aldous Huxley,,,,,0,,,,,,,2022/04/09,2022/04/09,read-2022,,read,"Huxley is a writer with a deadly combination of Scientific knowledge and literary talents. After reading the essay, the reader is forced to think about the question - *do my everyday perception of the outer world reflect reality?*. Our brain filters a lot of sensory inputs as a lot of it is unnecessary for survival purpose. What would happen if you could somehow inhibit the filter in the brain and look at things as they are -**Ding an Sich**.",,Imported from readings.md; first seen in commit e34af6e. Original heading: Doors of Perception by Aldous Huxley,1,0
,Essays,George Orwell,,,,,0,,,,,,,2022/04/09,2022/04/09,read-2022,,read,"Having read 1984 and Animal Farm, it is difficult to not to be mesmerized by Orwell's simple yet powerful style of writing. The lack of pretense and urge to convey an idea is evident in his essays. Here are the list of the essays that you will enjoy

1.  Why I write
2. Good Bad Books
3. English and Political Language
4. Shooting an Elephant
5. Such, such were the joys
6. Bookshop Memories
7. Confessions of a Book Reviewer
8. Books vs Cigarettes",,Imported from readings.md; first seen in commit e34af6e. Original heading: Essays by Orwell,1,0
,Animal Farm,George Orwell,,,,,0,,,,,,,2022/04/09,2022/04/09,read-2022,,read,The true genius of Orwell lies in the fact that this book can be read by anyone regardless of age and background and still get the core message - revolution that caused shifting of power from oppressor to oppressed might not necessarily improve conditions; power can corrupt the ideals.,,Imported from readings.md; first seen in commit e34af6e. Original heading: Animal Farm by George Orwell,1,0
,Why Don't Students Like School?,Daniel T. Willingham,,,,,0,,,,,,,2022/04/09,2022/04/09,read-2022,,read,An excellent book about cognition of learning. Every teacher should be given a physical copy of the book and asked to read it atleast twice. The book not only explains learning from psychological perspective but also provides practical advice in bringing psychological findings into practice.,,Imported from readings.md; first seen in commit e34af6e. Original heading: Why don't Students like School by Daniel T. Willingham,1,0
,The 7 Habits of Highly Effective People,Stephen R. Covey,,,,,0,,,,,,,2020/12/31,2020/12/31,read-2020,,read,"1. **Proactive nature**: This is the first habit mentioned in the book. When things don't go well, it is easy(and also tendency) to blame things that are around us for the situation. And hence we sit depressed or frustrated not making any forward steps. In such cases, by being proactive one can improve the situation, My definition of ""Proactivity"" is to work on things that are under one's influence. For example, there is something that you plan to do it a group, if things don't go as planned or people don't cooperate - Stop blaming situation and people and try to figure out what went wrong, and slowly start doing things that you can do, and slowly you will find things getting better eventually. Even if the task remained unaccomplished, you will have learnt a lot and developed a positive attitude towards things.

2. **Start with End in mind**: This is the second habit in the book. When you plan to do something, the general way people tend to start is with go with things currently at hand and start figuring out things as time passes. But a better idea(in fact the best) would be to plan till the end in the beginning itself with a proper timeline. This is helpful because it saves a lot of time as you go. Every time when at a certain stage of the process, you don't have to start from scratch and you can work on improving and modifying things that were planned previously. But one can ask what is the use of a plan, if we are not going to follow it as it is. Some wise person had already answered it in this way...

   >  ""No war has been won according to the plan, but also no war has been won without one""

   Even in investment, people suggest that it is better to have a bad strategy than having no strategy at all. For example, in the process, if something unexpected happens, the plan gives a better framework to deal with the unexpected things as you a have an idea of what is expected in the future, without planning you would completely be confused on what to do and it is more likely that it will lead to a bad decision. In the above sentences I have vaguely used the word planning. But to put it in simple words, start when you have a vision of how things are going to end. Though, it might turn out that things end up differently, but it is highly likely that they will end in a far better way than if you have not planned.

3. **Do what's not urgent and important**: We know the Cartesian 2D plane. Two perpendicular lines - X and Y axes dividing the plane into 4 Quadrants. With each Quadrant having a unique sign combination of pair of numbers, like in the 1st Quadrant, both the numbers have a positive sign, while in the 3rd Quadrant, both the numbers have negative sign. In this book, author the same concept to divide tasks - using the axes - ""Important tasks"" and ""Urgent tasks"". Now this divides all your tasks into 4 categories - ""Important and Urgent tasks"", ""Important and not Urgent tasks"", ""Not important and Urgent tasks"" and ""Not important and not Urgent tasks"". Now the author suggests, the one must plan a day to focus most of his/her time on the tasks that are ""Important and not Urgent"" and try minimising the tasks in ""Urgent and Important Quadrant"". It might be tempting to make a to do list and perform the tasks that are at hand(Urgent and important) and feel productive. But one must note that it is important to give time to tasks which matter in the long run - the one that are important but not urgent. By planning to give time regularly to ""Important and non urgent"" tasks we make continuous progress and it gives enough time for making revisions and also for creative ideas to strike. Needless to say, one must try avoiding the tasks that are not important and not urgent.",,Imported from 2020 books post: _posts/2021-02-27-2020-books.md,1,0
,The Chimp Paradox,Steve Peters,,,,,0,,,,,,,2020/12/31,2020/12/31,read-2020,,read,"1. **There is not one of you**: There are times, when I hate my mind for coming up with unwanted thoughts and for distracting towards unnecessary things. On self-reflection,  I used to get frustrated thinking  ""Why do I get such thoughts???"". This book gave me a change of perspective on how mind works. To give a high level overview, different parts of the brain give rise to different thoughts, the author calls the irrational part - Monkeys' part and the rational part - the human(There is another part which the author calls the computer, which gives output involuntarily. Also there is a classification on the types of monkeys in brain too!). It is the tendency of the monkey to come up with thoughts and responses that are generally not advisable like getting frustrated and shouting on people, feeling emotional unnecessarily, trying to capture attention. The author explains in the book, that it is the default nature of the monkey in the brain, and one can overcome it not by fighting the monkey but by taming the monkey. For example, when something goes wrong, then the tendency of monkey would be react emotionally - shouting on people or breaking things. But if you pause for a moment, you will give time for ""human"" part of the brain to step in the picture and think what exactly went wrong and what to do next. This was a whole new paradigm shift for me on how I look at myself. Now when I get some unwanted thoughts, I try to remind myself that it is the ""monkey"" in my mind which is trying to command. All I need to do is, realise this fact, acknowledge it and let the human slowly take control over. If all this sounds strange, I may have done a very bad job in explaining things. Read the book more if you are curious.

2. > Anything is as serious as you want it to be",,Imported from 2020 books post: _posts/2021-02-27-2020-books.md,1,0
,Digital Minimalism,Cal Newport,,,,,0,,,,,,,2020/12/31,2020/12/31,read-2020,,read,"1. **It is not necessary to use Facebook, twitter and Instagram. You don't need all of them**: It is a general tendency of people to create all social media accounts and scroll through them whenever one is free. It is somehow expected from you to be active on these platforms and respond to posts and messages actively. But do you really need it? In the book, the author introduces a experiment, where he asks people to stop using this social media for a period of month. If you seriously feel the need of any of them - for example you need to check a Facebook page regularly, bookmark the page and visit it only once or twice a day, don't spend time scrolling through any of the feed. At the end of the month, you realise that anything has hardly changed, and your life went smoothly though you were not active on any of the platforms. But there is a positive side effect of this - You get a lot of free time(really a lot!) and you are less anxious because you are not having any information to react upon. The author argues that feed of these social media platforms are designed to hook you. As a result, a lot more time is wasted than you expect(You can try tracking your usage time using an app like Moment).  This has been a great realisation for me.
2. **But at what cost?**: Some people argue that the social media help them to keep updated with the people they know. It also helps in exploring many new things. But at what cost? To know how your friends are doing, a better way would be to meet them directly or talk to them on a call. You will soon realise that a personal chat will be more effective than a comment on your friend's Instagram story. As mentioned above, you lose a lot of time scrolling the feed due to its very addictive nature. And the information you wish to gain is only from a set of few specific web pages(which can be a subreddit page, a facebook page or an instagram page). It is a better idea to bookmark those pages and visit them periodically(once in a day). That will save again a lot of time!!!
3. **Using social media causes anxiety.  Boredom is good for you**:  The author presents a study in the book, which claims that the number of depressed high school students have been increased due to increase in their usage of social media. The reason the author explains is that these kids don't get any time to reflect on their own thoughts. Hence feel depressed, as they don't understand what is going with them as they have never spent time thinking about themselves and their thoughts. In short, they never had time alone with thoughts. Whenever, they get free time, they scroll the feed and consume massive amount of useful information, most of which makes them anxious. Instead, if you are bored, stay bored. Boredom is good for you. Not yet convinced? - Watch [this](https://youtu.be/LKPwKFigF8U) video!. I personally found my anxiety to decrease as a lot of information on the social media was disturbing for me. I used to waste time thinking - who the heck was the boy that this girl had tagged? And I ended up wasting time stalking that boy!!! And free time eventually became frustrating. Not going through the feed of any of the social media not only saves time but reduces anxiety.",,Imported from 2020 books post: _posts/2021-02-27-2020-books.md,1,0
,Deep Work,Cal Newport,,,,,0,,,,,,,2020/12/31,2020/12/31,read-2020,,read,"1. **You are happy when you spend time focusing intensely on a task**: The central idea of the book is to introduce this idea of ""Deep work"" - intensely focusing on the tasks, that require mental efforts. Before suggesting ways on how this can be implemented in your work - the author gives psychological, philosophical motivation for deep work to be part of your life. And in these pages, he claims that there has been studies where happiness and amount of focused work are directly related. And this is true, the most satisfying times are when I get to think on something challenging for days! This was originally introduced by Mihaly Csikszentmihalyi with the concept named ""flow"".  Once you realise this fact, you know how to increase the amount of happiness. By planning to spend time on more such tasks! But doing such tasks are mentally exhausting. The book offers many optimum ways in which one can do it efficiently. Do give it a read, if you are interested in learning more about productivity stuff.

2. **Planning the day**: Inspiration is a limited resource and practically it is difficult to create it then and there to focus intensely on a task. Also sometimes, in the array of tasks, it is difficult to figure out what to do now and how long should you do it? Hence the best strategy would be to plan the day before hand. Plan what each hour of your day is going to be like. This will also help to not get lost on the immediate tasks you have at hand and will give you enough time to focus on things that matter in the long run. Read more about [time blocking](https://www.calnewport.com/blog/2013/12/21/deep-habits-the-importance-of-planning-every-minute-of-your-work-day/). The author explains that this regularity has been the key and how great people like Charles Darwin follow this seriously.

   > Great minds think like an artist, but work like an accountant

   (The idea echoes with ""Start with end in the mind"" habit from the book - ***The 7 Habits of Highly Effective People*** by Stephen Covey.  It is really fascinating to find principles and ideas in one book are used as foundation for building other good habits mentioned in some other book. And sometimes, you also find the same thing being explained at different levels in different books.)",,Imported from 2020 books post: _posts/2021-02-27-2020-books.md,1,0
,How to Live on 24 Hours a Day,Arnold Bennett,,,,,0,,,,,,,2020/12/31,2020/12/31,read-2020,,read,"1. **Plan a day after your working day**: The book was written in 1900s, to suggest the people of England not to waste time after their working day in useless things rather involve the time in better things like reading poetry or literature. It is a very short book - around 50 pages if I remember correctly. But the interesting argument I found in the book is he suggests that planning and investing time in such things will not make you tired as many people think. In fact, it will boost your enthusiasm if you find great interest in such things. The same argument is used by Cal Newport in the above 2 books I had mentioned. This is how I found this short book!",,Imported from 2020 books post: _posts/2021-02-27-2020-books.md,1,0
,The 80/20 Principle,Richard Koch,,,,,0,,,,,,,2020/12/31,2020/12/31,read-2020,,read,"1. **It is really a cool idea**:  There is this famous law called - Pareto's law which claims just 20% of the causes are responsible for 80% of the outcomes. The same law applies to different fields. To quote the book

   > In business, many examples of the 80/20 Principle have been validated. 20 per cent of products usually account for about 80 per cent of dollar sales value; so do 20 per cent of customers. 20 per cent of products or customers usually also account for about 80 per cent of an organisation's profits.
   >
   > In society, 20 per cent of criminals account for 80 per cent of the value of all crime. 20 per cent of motorists cause 80 per cent of accidents. 20 per cent of those who marry comprise 80 per cent of the divorce statistics (those who consistently remarry and re-divorce distort the statistics and give a lopsidedly pessimistic impression of the extent of marital fidelity). 20 per cent of children attain 80 per cent of educational qualifications available. In the home, 20 per cent of your carpets are likely to get 80 per cent of the wear. 20 per cent of your clothes will be worn 80 per cent of the time. And if you have an intruder alarm, 80 per cent of the false alarms will be set off by 20 per cent of the possible causes.
   >
   > The internal combustion engine is a great tribute to the 80/20 Principle. 80 per cent of the energy is wasted in combustion and only 20 per cent gets to the wheels; this 20 per cent of the input generates 100 per cent of the output!

   So, whenever there are too many things you want to deal with, focus first on right 20%!",,Imported from 2020 books post: _posts/2021-02-27-2020-books.md,1,0
,Lead Yourself First: Inspiring Leadership Through Solitude,Michael S. Erwin; Raymond Kethledge,,,,,0,,,,,,,2020/12/31,2020/12/31,read-2020,,read,"1. **Solitude is necessary for a leader to make important and better decisions**: The book contains various stories from different great leaders and how solitude played a key role in taking decisions at the crucial moments in their lives. The beginning part of the book contains stories, with military background. But in the later parts of the book - the stories of Abraham Lincoln, Martin Luther King Jr., Aung San Suu Kyi are really interesting and inspiring.

2. **Lincoln's attitude**: There are many great stories which depict Lincoln's simplicity and great character. My favourite ones are

   > When someone saw Abraham Lincoln shining his own shoes in his White House office, the onlooker asked, ""Mr. President, why are you blacking your own shoes?"" Lincoln responded, ""Whose shoes would you have me black?""

   and the [letter to his son's teacher](https://englishbookgeorgia.com/blogebg/a-letter-from-abraham-lincoln-to-his-sons-teacher/).

   This book contains 2 more interesting stories

   1. During civil war, Abraham Lincoln was angry on a person as he had missed an opportunity to end the war. Abraham Lincoln never reacted or shouted on the man. Instead, he went in solitude wrote a letter and NEVER SENT it. In fact, he would  write on the letter: 'Never sent. Never signed' on such letters. After few days, Abraham Lincoln was back to work in great spirits. This really explains how catharsis can be really powerful. The mere act of writing down things really cools down your head and helps you think.

   2. Quoting directly from the book...

      > As Doris Kearns Goodwin observes, Lincoln “possessed extraordinary empathy—the gift or curse of putting himself in the place of another, to experience what they were feeling, to understand their motives and desires.
      >
      > “He was uncommonly tenderhearted. He once stopped and tracked back half a mile to rescue a pig caught in the mire —not because he loved the pig,” but just to take the “‘pain out of his own mind.’”",,Imported from 2020 books post: _posts/2021-02-27-2020-books.md,1,0
,Principles,Ray Dalio,,,,,0,,,,,,,2020/12/31,2020/12/31,read-2020,,read,"1. **Finding out mistake is not wrong**: It is generally a common notion that it is wrong to point out other's mistakes or worry that if they do so, they might feel bad. But in fact you are helping your friend when you point out his/her mistakes. Generally for humans, it is difficult to find out our own mistakes. We believe we have been doing things correctly. So when next time when someone points out a mistake in you, thank him/her because you now have a wonderful opportunity to improve by acting on it. Likewise, don't feel guilty in pointing out mistakes of your friend. Needless to say, don't forget to be polite.

2. **Schools  have been doing it wrong. Mistakes are necessary:** In schools, we are punished whenever we do wrong. Schools think this punishment is the right way of feedback to the student to avoid mistakes and keep improving. But we learn our most important lessons from mistakes. In punishing, the school system discourages from you to try new things, because you are now afraid to make mistakes.

   > Anyone who has never made a mistake has never tried anything new
   >
   > -Albert Einstein

3. **1.6x effect**: If x people are required to do a task. Ask 1.6x people to work on it. The rest are required to support the people working.",,Imported from 2020 books post: _posts/2021-02-27-2020-books.md,1,0
,Zero to One,Peter Thiel; Blake Masters,,,,,0,,,,,,,2020/12/31,2020/12/31,read-2020,,read,"1. **An interesting insight on why competition is bad**: Peter Thiel argues in the book that competition is not good for innovation as people think. Because everyone is eventually doing the same thing. Innovation occurs when everyone does things differently as it suits them.
2. **Definite and Indefinite optimists**:  Optimists are divided into 2 kinds of categories - 1. Definite and 2. Indefinite. Definite are the ones who believe the future will be better and make specific plans to achieve it. They make bold and unprecedented steps and surpass their predecessors. On the other hand, Indefinite optimists believe that future will be better but don't make any plans or work towards it. Instead they use existing traditional paths to achieve more or re-arrange already invented ones.",,Imported from 2020 books post: _posts/2021-02-27-2020-books.md,1,0
,Naked Economics,Charles Wheelan,,,,,0,,,,,,,2020/12/31,2020/12/31,read-2020,,read,"1. **An interesting way of writing**: If you had to forcefully take a Economics course in your college, and felt it boring it is not your fault. The curriculum is planned in that way to make the student sleep comfortably through the lectures. Most of the things that are discussed are the details - You are forcefully asked to remember the jargon. The book Naked economics is a complete opposite. It starts with the discussion of things happening around you and explains how concepts of  economics can help you understand what's better. In fact, through out the book, it feels as if you are discussing things with the author. There is a beautiful explanation of things - Capitalism, Trade, what is money? and how exactly these concepts are useful and how these things rule our world.

2. **Punchline of capitalism**:

   > The market aligns incentives in such a way that individuals working for their own best interest

   The books starts with an interesting question -“Who feeds Paris?” -  a way of asking how does the modern economy work? How is that when you go to the hotel and order fish, you hardly hear - ""Sorry, we are out of fish"". And how do these fisherman bring the right amount of wish. Who does all this complex calculation. All this works well because everyone acts in their own interest. If there is a high demand for a particular kind of fish, then fishermen spend more time fishing. The book contains many more interesting insights on different economics' ideas. Do read the book, irrespective of your background!",,Imported from 2020 books post: _posts/2021-02-27-2020-books.md,1,0
,Naked Statistics,Charles Wheelan,,,,,0,,,,,,,2020/12/31,2020/12/31,read-2020,,read,"1. Not to mention the interesting way of writing - Its a book by  Charles Wheelan.

2. **Garbage in, Garbage out**: The book not only explains some of the key ideas of statistics like Central Limit theorem and p-value. It discusses the importance of having a ""good"" data. Analysis of Data is necessary but if you have a biased data then no matter how good analysis you do the results won't get better. There are many interesting examples discussed in the book for example...

   > ...In 1993, a Harvard researcher compiled a data set comprising a group of women with breast cancer and an age-matched group of women who had not been diagnosed with cancer. Women in both groups were asked about their dietary habits earlier in life. The study produced clear results: The women with breast cancer were significantly more likely to have had diets that were high in fat when they were younger. Ah, but this wasn’t actually a study of how diet affects the likelihood of getting cancer. This was a study of how getting cancer affects a woman’s memory of her diet earlier in life...

   Again, I feel this is a book, everyone must read irrespective of background!",,Imported from 2020 books post: _posts/2021-02-27-2020-books.md,1,0
,"Surely You're Joking, Mr. Feynman!",Richard P. Feynman,,,,,0,,,,,,,2020/12/31,2020/12/31,read-2020,,read,"1. This story ...

   > “The French curve is made so that at the lowest point on each curve, no matter how you turn it, the tangent is horizontal.”
   >
   > All the guys in the class were holding their French curve up at different angles, holding their pencil up to it at the lowest point and laying it along, and discovering that, sure enough, the tangent is horizontal. They
   >
   > were all excited by this “discovery”—even though they had already gone through a certain amount of calculus and had already “learned” that the derivative (tangent) of the minimum (lowest point) of any curve is zero
   >
   > (horizontal). They didn’t put two and two together. They didn’t even know what they “knew.”
   >
   > I don’t know what’s the matter with people: they don’t learn by understanding; they learn by some other way—by rote, or something. Their knowledge is so fragile!

2. **Reality was so important for Feynman**:  When Feynman's wife died he was not terribly upset and he was shocked on why he didn't feel so(He really loved his wife - read [this](https://www.openculture.com/2013/08/richard-feynmans-letter-to-departed-wife.html)). He explained that it was so because he had known for years that something like this was going to happen(Her wife was suffering from Tuberculosis, Feynman married her though he was aware of this fact).  He writes this in the book ....

   > Reality was so important—I had to understand what really happened to Arlene, physiologically—that I didn’t cry until a number of months later, when I was in Oak Ridge. I was walking past a department store with dresses in the window, and I thought Arlene would like one of them. That was too much for me.

   This was a really an emotional moment for any reader when he/she would have read the above lines.

3. **Favourite Chapters**

   1. **Map of the Cat**: Feynman's habit of calling things straightly,  the way they are, without concern for technical jargon. As Leonard Susskind put it, ""Feynman hated baloney!""
   2. **Lucky Numbers**: Feynman's command over numbers. In one of the talks about Feynman, the speaker mentioned - ""Feynman was a good mathematician, and he always tried to hide it"". It is true, the world knows him mostly as physicist who is strongly driven by intuition than mathematics. That is true, but Feynman was really good with numbers and calculations.  See [this](https://youtu.be/V37eWVm-9BA) video for another example.
   3. **You just ask them**: You will know when you read it!
   4. **Would you solve the Dirac Equation**: Why Feynman gave up learning Japanese! A really funny anecdote.",,Imported from 2020 books post: _posts/2021-02-27-2020-books.md,1,0
,How to Stop Worrying and Start Living,Dale Carnegie,,,,,0,,,,,,,2020/12/31,2020/12/31,read-2020,,read,"1. **Worrying is a dangerous habit**: I always thought worrying is a natural thing and wouldn't be too concerned about it. The book starts with telling us how worrying can cause different ailments and make your life worse. It is a well known to everybody that worrying is not good mentally but the fact that worrying can affect you physiologically was really shocking for me. After all, who doesn't want good health. By avoiding worry, you can be more healthier than you regularly are. Here are few lines from the book, that capture the spirit of what I mentioned...

   > Plato said that ""the greatest mistake physicians make is that they attempt to cure the body without attempting to cure the mind; yet the mind and body are one and should not be treated separately!""

   > When I interviewed Merle Oberon, she told me that she refused to worry because she knew that worry would destroy her chief asset on the motion-picture screen: her good looks.

2. **Benjamin Franklin's self analysis**:

   > ...He[Franklin] gave himself a severe going-over every night. He discovered that he had thirteen serious faults. Here are three of them: wasting time, stewing around over trifles, arguing and contradicting people. Wise old Ben Franklin realised that, unless he eliminated these handicaps, he wasn't going to get very far. So he battled with one of his shortcomings every day for a week, and kept a record of who had won each day's slugging match. The next day, he would pick out another bad habit, put on the gloves, and when the bell rang he would come out of his corner fighting. Franklin kept up this battle with his faults every week for more than two years...

3. **Lincoln's attitude towards criticism**:

   >  Suppose someone denounced you as ""a damn fool""-what would you do? Get angry? Indignant? Here is what Lincoln did: Edward M. Stanton, Lincoln's Secretary of War, once called Lincoln ""a damn fool"". Stanton was indignant because Lincoln had been meddling in his affairs. In order to please a selfish politician, Lincoln had signed an order transferring certain regiments. Stanton not only refused to carry out Lincoln's orders but swore that Lincoln was a damn fool for ever signing such orders. What happened? When Lincoln was told what Stanton had said, Lincoln calmly replied: ""If Stanton said I was a damned fool, then I must be, for he is nearly always right. I'll just step over and see for myself.""
   >
   >  Lincoln did go to see Stanton. Stanton convinced him that the order was wrong, and Lincoln withdrew it. Lincoln welcomed criticism when he knew it was sincere, founded on knowledge, and given in a spirit of helpfulness

4. **Why worry now?**

   > ""Two months from now I shall not be worrying about this bad break, so why worry about it now? Why not assume now the same attitude that I will have two months from now?"" - Dorothy Dix

5. **You worry because have the leisure to do so**:

   > ""The secret of being miserable is to have the leisure to bother about whether you are happy or not.""
   >
   > -George Bernard Shaw
   >
   >

>No time for worry! That is exactly what Winston Churchill said when he was working eighteen hours a day at the height of the war. When he was asked if he worried about his tremendous responsibilities, he said: ""I'm too busy. I have no time for worry.""

6. **This small beautiful poem**:

   > For every ailment under the sun.
   >
   > There is a remedy, or there is none;
   >
   > If there be one, try to find it;
   >
   > If there be none, never mind it.

I made a note of some other beautiful and important things from the book in my [evernote](https://www.evernote.com/shard/s367/sh/ee4c797e-618b-ec52-b81c-86d4b3d076a3/28b93492c48fbc47d4bba2190e788793)",,Imported from 2020 books post: _posts/2021-02-27-2020-books.md,1,0
,The Courage to Be Disliked,Ichiro Kishimi; Fumitake Koga,,,,,0,,,,,,,2020/12/31,2020/12/31,read-2020,,read,"1. **Adlerian psychology**: The main theme of the book is to introduce the concepts of Adlerian Psychology, one heck of a Psychology which can completely change the way you view the world. Here is the basic idea. If you are currently doing an action ""A"", then it is because of  some incident that occurred in the past ""P"". When you think this way, all your current actions are attributed to your past, which you cannot change.  But Adlerian Psychology says, if you are doing an action ""A"", that is because you have a target ""T"", that you want to achieve consciously or sub-consciously. There might be different reasons for you to have target ""T"" - incidents in that past,  suggestion or inspiration from somewhere else. But by thinking in this manner, you realise that you can bring a change in your actions, if you modify your target ""T"" by conscious effort. For example, you tried something new ""N"", and its outcome was an embarrassing moment ""E"". From then on, your excuse for not trying ""N"" would always be to blame the incident ""E"". But if you think in Adlerian way, the reason you don't want to try ""N"", is because you have set a target ""T"" to yourself that you don't want to face an embarrassment like ""E"". But just by consoling yourself that such incidents(like E) doesn't matter in the long run, you would be less hesitant to try ""N"" again. This is one of the best books on implementing psychology concepts in real life.

(This again echoes the ideas like proactivity from ***The 7 Habits of Highly Effective People*** by Stephen Covey)

2. **Treating the young and the old equal**: In general, there is a tendency among people to treat young ones and elder ones differently. They mostly treat the young as ignorant and try to praise them for their deeds. This is not wrong! But when you praise someone, this creates a hierarchy in both the minds. Instead, a better thing would be to appreciate as if you would do it to your friend or thank him or her. When there is no hierarchy, people would open up and speak freely, and that would make this world a better place. This idea can be established well with the example given in the book, if a son helps his mother with washing the dishes  after dinner. Then the mother instead of praising the son with words like ""good boy"" or ""obedient child"", should rather thank her son for helping her out! Then through such small actions, the mother would be like a friend and the son would not hesitate to speak freely to his mother.

Adlerian Psychology contains many such counter ideas, which seem wrong at the first instance, but when understood and implemented properly, brings a significant change in relationships and perspective of life.",,Imported from 2020 books post: _posts/2021-02-27-2020-books.md,1,0
,Peak,K. Anders Ericsson; Robert Pool,,,,,0,,,,,,,2020/12/31,2020/12/31,read-2020,,read,"1. **Deliberate practice is different from just different practice**: The main aim of the book is to introduce the idea of deliberate practice. The general notion of practice is to keep doing the same thing over and over on a regular basis, and expecting to improve. But that is not an effective way of practising. Such way of practising will lead to stagnation of improvement at certain stage. The author propose the idea of deliberate practice, which involves

   - **Specific goals**: For example for a music student, a specific goal can be to play the piece all the way through at the proper speed without a mistake three times in a row.

   - **Focused attention during the period of practice**

   - **Get a feedback to know how you are doing it**: While practising, a feedback by a more experienced candidate will help you find out what you have been doing wrong and how you can correct it.

   - **Pushing out of your comfort zone**

     The book explains the difference between a highly skilled person and other people in any field lies in the ""mental representations"". Deliberate practice is a well defined way to improve them. A mental representation can be thought of how a skilled person looks at the situation. For example, how a Grandmaster analyses the pieces of chess board, how a surgeon analyses the situation in the operation theatre, how a theoretical physicist thinks analyses a situation given. This is a proper psychological book which explains the idea of deliberate practice firmly without any hand waving.

2. **There are no Super humans. They have developed(a lot) themselves to achieve it**: In one section of the book, author debunks the stories which claim that some people were successful because they were born that way. For example, many believe the Mozart was born with the ability of perfect pitch. But if you dig deep, you will learn that Mozart's musical training began at the age of 6. During childhood when the brain is in developing stage and it is trained hard towards something cognitively demanding, it develops faster and better. This is called the Bent Twig effect - If you push a small twig slightly away from its normal pattern of growth, you can cause a major change in the ultimate location of the branch that grows from that twig. But it doesn't mean you have to start at a younger age or you cannot succeed. There are also examples in the book which depict no matter how late you start, through regular and deliberate practice you can always improve(including the example of Perfect pitch). It just requires more effort and motivation, which can be achieved if you keep doing things on a regular basis, once you start improving at a skill, you will be internally motivated to continue the practice.",,Imported from 2020 books post: _posts/2021-02-27-2020-books.md,1,0
,The Stranger,Albert Camus,,,,,0,,,,,,,2020/12/31,2020/12/31,read-2020,,read,"1. **It doesn't matter**: In one of the scenes, the protagonist's sweetheart's asks him if he wishes to marry her. To that he replies  he didn't mind and if she was keen he was ready to get married. Then, she asks him if he loved her, that it meant nothing. And later she asks if any other girl would ask in the same way regarding marriage, would he marry her too. To that the protagonist replies ""Naturally"".

The title is really apt to describe the character of the protagonist. He is really someone who is stranger to the customs of the society. In an common individual in the society, marriage is a serious concern, and they really think it as a new phase of life. But to our protagonist, it doesn't really seem a big deal. I consider this scene special, because it shows how most of us consider few things super important just because they were told to us that they are important, but on moment of reflection we realise that it is not such a big deal.

The book really creates a great interest in the reader for the existential philosophy. The last pages of the book contains deep dialogues about the existentialism.

> I’d passed my life in a certain way, and I might have passed it in a different way, if I’d felt like it. I’d acted thus, and I hadn’t acted otherwise; I hadn’t done x, whereas I had done y or z. And what did that mean? That, all the time, I’d been waiting for this present moment, for that dawn, tomorrow’s or another day’s, which was to justify me. Nothing, nothing had the least importance and I knew quite well why

> I could see that it makes little difference whether one dies at the age of thirty or threescore and ten— since, in either case, other men and women will continue living, the world will go on as before. Also, whether I died now or forty years hence, this business of dying had to be got through, inevitably.",,Imported from 2020 books post: _posts/2021-02-27-2020-books.md,1,0
,The Subtle Art of Not Giving a F*ck,Mark Manson,,,,,0,,,,,,,2019/12/31,2019/12/31,read-2019,,read,,,Added from user-provided 2019 books list.,1,0
,"Godel, Escher, Bach: An Eternal Golden Braid",Douglas R. Hofstadter,,,,,0,,,,,,,2021/02/24,2021/02/24,read-2021,,read,"# Why DH writings are dense

I have seen in many videos and reviews people complain that GEB and other Douglas Hofstadter(DH)'s books are very dense, he takes infinite time to explain something. In this blog, I wish to explain a sophisticated argument on why DH's writings are dense, and why I feel they should be. Of course, a simple explanation can be made that he tries explaining the example in great detail so that less informed people also understand. Another explanation can be that the more time the reader spends with the idea, it is stored in reader's long term memory. But here, I wish to use one of the ideas from the GEB and explain the same.  For me this is one of the most beautiful ideas present in GEB and it really gives a good framework when you want to deal with ""complicated"" things or you planning to explain a complicated thing to someone. Here by ""complicated"" I mean something very specific. I called something, say X complicated if explanation of X involves different steps and each step further might involve complicated things.

## Notion of Symbols

Suppose, there is an idea or concept, which can be further broken down into modules, which are smaller ideas or concepts, then we can call such each module as symbols. For example, if you consider the question why things fall, the answer would be gravity. But what is gravity? Gravity is a force due to large mass of Earth, which pulls object downwards. What is Force? - Force is the cause for changing the states of body between rest and motion. What is Earth? -  Earth is a planet on which we humans live. [0]

Another example, say you are learning Taekwondo(or any other martial art). The first time you are taught front kick is this way - Stand in a position with one foot facing forward, position your arms, lift your back knee, point your knee towards your target, strike your target, put your foot back. To a beginner in martial the symbols would be something like this in his/her mind.

To summarize, any thought or concept in human mind exists as symbol which is linked with other symbols

## But do you think like that?

But when you don't want to hold a object, do you consciously think of the fact that you are leaving on a planet, and due to the the large mass of the planet, it has tendency to pull objects down, hence if I leave the object in air, it will not float, rather it might fall, hence I have to place it on a surface, which can hold it. No, right! You just have it in mind, as single concept - gravity. In fact, this same gravity is further used to explain more complex phenomenon like Planets revolving around the sun.

 Once you have practiced enough Taekwondo, you won't think of each step consciously while striking your opponent with a front kick. Once you have practiced the front kick several times, the movements will be performed sub-consciously. Now using this front kick, you can learn more complicated kicks  - Side kick, Jumping front kick and further the jumping side kick.

In conclusion, if you spend enough time with a anything , it becomes a single symbol. You don't have to think of the other sub-concepts  every time.

That is the same reason why DH spends a lot of time, with single concept - explaining the concept using simplest words in different ways, trying to give analogies, giving exercises to the reader so that the idea or concept is stuck as a single symbol in his brain. For example, consider Gödel's theorem, there is a significant amount of time involved in explaining expressing number theory statements as TNT, in fact there are exercises given at the end of it too for the reader to practice. This translation is a important aspect of Godel's theorem proof. Now, while explaining the proof, DH doesn't have to explain translation steps there in detail, as a proper reader would have firm grasp of the concept. That is why DH could explain Gödel's theorem in just 12 pages - 348 to 350.

Added to this advantage, since each concept in Gödel's theorem proof is present as a symbol in reader's mind. He could explain isomorphic concepts at other places too(like the typogenetics) in a simpler way and the reader could grasp with very little effort, despite having no background in biology or Mathematics.[1]

## Implications

Suppose you want to explain a concept - ""A"". Explanation of A first involves Step 1, which requires explaining another concept""A1"", similarly for Step 2 requires ""A2"", and for the final step - Step 3 requires ""A3"".

An approach would be to explain A1 strongly. By strongly explain, it means to spend enough time with the idea of A1[2] ,make sure that it is a single symbol in brain. Give it some catchy name so that it stays in audience head. Repeat the process with A2 and A3.

You can see that with this approach explaining A becomes so easy, because your thought process would be something like this

- To do A, we need to do Step 1, and Step 1 is achieved with A1
- To procced to Step 2, we use A2
- And for the final step, we use A3

The advantage of the above process is that One will always have a big picture of A in mind, as A1 and A2 and A3 are just symbols which together help build A

As opposed to the above method,  more conventional way would be to start your discussion with step 1, explain A1. Once you are done with A1, you start discussing step 2 explain A2 , and similarly with A3. But wait? Aren't these 2 similar? The crucial thing, which is missing in the second method would be to establish A1, A2 and A3 are single independent symbols rather than learning A1, A2 and A3 as a side product of A. The added advantage of the former method is that, A1,A2 and A3 are reusable at other places, as now they are independent symbols. We can use them in a different complex scenarios. For example, if some other problem involves A2, it would be easy to solve it as the person has A2 as an independent symbol in his/her mind. But if someone had learnt ""A"" through the second method, he/she would have to recall that a similar things was done while learning ""A"", and then go through each step of A, and relate things.

One crucial thing which I feel is missing in the first method is while explaining A1, A2 and A3 one has to provide the learner a motivation to why they are learning A1, A2 and A3. In second method it is apparent, as A1, A2 and A3 occur in a logical sequence. It is here that the presenter's skills come into play, the presenter might chose to teach it as an exciting idea or before hand reveal the spoiler that Step 2 will be used in A. A good presenter has to have a combination of both.

## Footnotes

[0] - It is all wrong. Gravity is geometry not a force as per General Relativity, which reveals the true nature of Universe. However Newtonian analogy still holds well for most of the cases.

[1] - Here I tried to embed the idea of symbols as a single symbol using at least 2 examples - gravity and Front kick in Taekwondo.

[2] - If you presenting A1 in a lecture, then ideally it is better if it is explained within a time period of a [microcentury]([microcentury - Wiktionary](https://en.wiktionary.org/wiki/microcentury)).

[3] - If you have read the book [Peak, by Anders Ericsson]([Peak: Secrets from the New Science of Expertise - Wikipedia](https://en.wikipedia.org/wiki/Peak:_Secrets_from_the_New_Science_of_Expertise)), he mentions that the main difference between experts and beginners is due to mental representations. And one can develop their mental representations by inculcating deliberate practice. I feel that these 2 ideas are closely related, with enough deliberate practice, complicated ideas act as a single symbol in an expert's mind.

---

In the book GEB, there is puzzle called MU puzzle, which goes this way...

After trying rigorously for half an hour, I stopped and suspected if it is possible to solve this. After some googling, I found that my suspicion was right, it is not possible to obtain the string MU from MI, with the given rules of production. The reason is hard to find. But below is a simple explanation.

One way to think of it is, you have ""x"" number of I s(read as eyes). And at the end you want x to be equal to zero. The second and third rules change the number of I s. As per the second rule number of I s becomes 2x, while the third rule changes it to x-3. The desired outcome x being zero, implies that x has to be divisible by 3(because zero is divisible by 3). Initially, if x is not divisible by 3, then

1. 2x will also not be divisible by 3. Doubling the number will not make it divisible by 3, if it isn't already divisible by 3
2. x - 3 will also not be divisible by 3. Remove 3 from the number will not make it divisible by 3, if it isn't already divisible by 3

As per the puzzle, we start with x = 1, which is not divisible by 3; that implies we cannot ever reach a state where x is divisible by 3; hence you cannot ever get x = 0, which is desired. To conclude, we cannot achieve the state MU by any combination of the rules provided.

This is not an easy thing for a person to come up. But here is another simple example. If given `MI`, can you produce the string `I`, using the given rules. No! Because there is no rule, which reduces the count of M s.

But when you feed the same problem to a machine - feeding the rules and and axiomatic string MI, it will never stop, it will continue to form new strings and check if they are MU or not.

The machine does not stop on its own, because it cannot think outside of the rules. We as a human, when rules of a system are given, are capable of stepping out of the system and reflect on the rules. Doug argues that would be the main characteristic of a truly intelligent machine, being able to step out of the rules, reflect on them and be capable of modifying the instructions based on the outcome.

```
It is inherent property of intelligence that it can jump out of the task which it is performing and survey what it has done; it is always looking for and often finding, patterns.

Pg.37 GEB
```

## Philosophical Implications

What excites me more is this philosophical implication of the idea. There is a line in GEB..

```
Of course, there are cases where only a rare individual will have the vision to perceive
a system which governs many people’ lives, a system which had never before even been
recognized as a system; then such people often devote their lives to convincing other
people that the system really is there, and that it ought to be exited from!

Pg.37 GEB
```

And I found its explanation in the [MIT OCW notes]([Chapter 5: The MU–Puzzle (mit.edu)](https://ocw.mit.edu/high-school/humanities-and-social-sciences/godel-escher-bach/lecture-notes/MITHFH_geb_v3_5.pdf))

### My interpretation

It means one as an individual not just has to follow rules given to him/her(in a community or society or workplace), he/she must also ""step outside the system"" and reflect upon the rules - question the rules - ""is it really true?"", ""what are its outcomes?"", ""why does one have to do this way?"". This I believe helps an individual to question conformist behavior  and help him/her become an independent thinker. Being able to think on own is a rare quality!

## Footnotes

- While many condemn Karl Marx due to what it has caused in USSR and China. A proper look into the history will reveal that Karl Marx was largely misinterpreted by the cruel leaders. A good explanation regarding it can be found in watch Episode 1 of [Genius of the Modern World - Netflix](https://www.netflix.com/in/title/80186252). You can also read the 6th point in the article - [BBC Arts - BBC Arts - Forward thinkers: How Marx, Nietzsche and Freud shaped the lives of millions](https://www.bbc.co.uk/programmes/articles/4CVpPWQkwbDzt4w2RjNHf2S/forward-thinkers-how-marx-nietzsche-and-freud-shaped-the-lives-of-millions)

- Image of the puzzle taken from [MU puzzle - Wikipedia](https://en.wikipedia.org/wiki/MU_puzzle)
- Image of tree taken from Page number 40 of GEB",,Imported from Hofstadter/GEB blog posts: _posts/2021-02-24-dh-dense.md and _posts/2021-02-26-stepping-out-of-system.md,1,0
,Einstein: His Life and Universe,Walter Isaacson,,,,,0,,,,,,,2021/03/01,2021/03/01,read-2021,,read,"To summarize, it is one heck of a story, of how a simple patent clerk revolutionizes the way we think about world.

1. **Why Einstein is a big deal**: Einstein is a household name. During his era, he was treated as a Rockstar! He was undoubtedly most popular living physicist during his time. He was even offered the presidency of Israel, which he denied. After reading this book, you will really know what makes him so important. What was so revolutionary about his contributions - He really has revolutionized our understanding of the world with this theories - He proved that atoms exist, explained Brownian motion, was the first to propose light is made of packets and explain photoelectric phenomenon, prove that space and time are not absolute, proposed a new theory of gravity which led to many significant discoveries in Cosmology, proved energy and mass are equivalent.

2. **How could he come up with Revolutionary ideas**: Special and General theories of relativity are one of the most revolutionary ideas. But how did Einstein come up with such ideas. It turns out that the seeds of disregarding absolute space and time were sown from the readings of Poincare. But Einstein had taken the revolutionary step of also disregarding ether, and showed the relative nature of both space and time.  And there is a interesting journey of General Relativity from equivalence principle to the field equations. Walter Isaacson does a fabulous job to help us understand what qualities of Einstein helped him to take such bold and revolutionary steps and disregard the old theories. For example, there was interesting section in the book which explained - If Poincare already had a feeling that Newton's absolute time is meaningless, why couldn't he come with Special Relativity, what was different about Einstein? It is because, he had this attitude to disregard the authority if he had the right reasons. There is a dialogue by Einstein which repeats several times in the book - ""Blind respect in authority is the greatest enemy of Truth"".

3. **Attitude of Einstein towards Science and Life**: Einstein after out of his college, couldn't find any position as a professor or assistant to a professor, despite writing many letters and applications. So he had to settle as a Patent Office Clerk, a job he had got due to his friend's recommendation. In 1905, along with working in the Patent office, he had produced 5 papers that revolutionized Physics(General Relativity(1915) was not there among them!). The year 1905 is regarded as Annus Mirabilis, meaning a miracle year! This fact really intrigues me. Most of us would love to relax in the free time and would not worry much about things outside of job, but Einstein was a passionate guy, he used to finish his job early and would devote rest of the time to his own scientific ideas, and produced revolutionary papers! Also it is a well know fact that Einstein hated Quantum Mechanics. But why on earth would such a revolutionary physicist oppose a revolutionary theory like Quantum Mechanics. In fact, there was a stage in Einstein's life, when every living physicist except Einstein had accepted Quantum Mechanics.  The reason behind this was Einstein's attitude toward science. There is something called ""Uncertainty Principle"" in Quantum Mechanics which states that it is impossible to know the both values of pairs of observables with certainty simultaneously. For example, if you could know position of a particle with great certainty, then it is not possible to know the momentum of that particle with certainty. Also, Quantum Mechanics states, that particles behave differently until observed. Quantum Mechanics was full of such weird things, but it was and is a successful theory is explaining microscopic phenomenon. But for Einstein, reality existed independent of the observer. He used to famously say - ""Do you believe the moon exists, only when you see it"". He also didn't like the uncertainty principle, he proposed several thought experiments, to show that in principle it is possible to know both the observables certainly. But they were proved wrong by his fellow Physicists like Bohr. In 1935, he had proposed EPR paradox, to prove Quantum Mechanics as an incomplete description of reality. It was really a shock to all the Quantum Physicists of that era. And it was unanswered until 1964, by John Bell, which resulted in a more shocking truth - Non locality of the universe. Also Quantum Mechanics was full of probabilities and chance, which Einstein hated. To quote Einstein - ""God does not play dice"". To which Bohr cleverly replied - ""Einstein don't tell God what to do"".Einstein could have followed the trend during his age, and worked on Quantum, and churn out more and more revolutionary papers. But he strongly adhered to his principles. He was working alone on Unification theory - his grand idea of unifying Gravity and Electromagnetism, until the end of his life. Even on his death bed, he scribbled equations related to it! Einstein's true gift was not his intellect, but it was curiosity, stubbornness and true passion for science. During his life time, he also strived to make the world a better place, he strongly promoted pacifism - opposition to war between WWI and WWII, helped the Jewish community. He lived a humble life - dressed in simplest way, He preferred walks and never learned to drive! Through out his biography, we get to know anecdotes, which depict Einstein's simplicity, and it is really amusing that a genius like Einstein lived such a simple life more than an ordinary individual.

   Here is one of my favorite anecdotes. Einstein was once invited to a dinner party, and at the party he was sitting in a corner engrossed in scribbling equations on his writing pad. Someone had made an announcement in the party regarding Einstein and all the guests were applauding for him. Einstein was so immersed in his work that he didn't notice it. When he was pointed out that people were applauding, he stood up and started applauding assuming the applause was for someone else.

   > “No other man contributed so much to the vast expansion of 20th century knowledge,”. “Yet no other man was more modest in the possession of the power that is knowledge, more sure that power without wisdom is deadly.”  - President Eisenhower

4. **Einstein's God**: There is a chapter in the book named ""Einstein's God"". I think there was a need for separate chapter to explain this idea. Einstein was not an atheist, which might be shocking to you as most of the scientists are atheists. But the kind of God Einstein believed in was a complete different one, he believed in something called Spinoza's God. The general notion of God is, a supernatural being who created the universe, watches you, rewards the good and those who pray, punishes the evil. Spinoza's God is a complete different idea of God developed by Baruch Spinoza, a Dutch Philosopher. For Spinoza, God is the universe and nature itself, the idea of God is not individuated and God is impersonal. The general notion of praying to God, is to praise God and ask God to change things as per one's comfort. But for Spinoza, to pray God means to try understand the laws of universe through Natural Sciences, Philosophy and Psychology, by reasoning and logic. Spinoza's God is free from superstitions and gives a complete new perspective of God as the universe and its laws and helps humanity to rise above individual's selfish concerns. This [video](https://www.youtube.com/watch?v=pVEeXjPiw54) by The School of Life YouTube Channel does a great job in explaining Spinoza's ideas. I highly recommend you to watch it.

   >  “I believe in Spinoza’s god, who reveals Himself in the lawful harmony of the world, not in a god who concerns himself with the fate and the doings of mankind.”
   >
   >  -Einstein

5. **To know truths about Einstein's life**: In this internet age, we see many fake stories of Einstein from incredible sources like ""Einstein failed in his Math tests"", ""Einstein was bad at physics during his college"", Einstein giving some statement of Law of Attraction. Many people who want to spread their useless ideas, write something and say Einstein said it. This is really misleading, and at times really gets on my nerves.

   - Einstein had mastered Integral and Differential Calculus before age of 15

     > In 1935, a rabbi in Princeton showed him a clipping of the Ripley’s column with the headline “Greatest Living Mathematician Failed in Mathematics.” Einstein laughed. “I never failed in mathematics,” he replied, correctly. “Before I was fifteen I had mastered differential and integral calculus.”

   - Einstein did really fail, but it was in experimental physics class. But it was because Einstein was not interested  and didn't attend those classes regularly, in the class of experimental physics.

     > Einstein’s impertinence also got him into trouble with the Polytechnic’s other physics professor, Jean Pernet, who was in charge of experimental and lab exercises. In his course Physical Experiments for Beginners, Pernet gave Einstein a 1, the lowest possible grade, thus earning himself the historic distinction of having flunked Einstein in a physics course. Partly it was because Einstein seldom showed up for the course. At Pernet’s written request, in March 1899 Einstein was given an official “director’s reprimand due to lack of diligence in physics practicum

     But when he attended he did things in his own way

     > On those occasions when Einstein did deign to show up in Pernet’s lab, his independent streak sometimes got him in trouble, such as the day he was given an instruction sheet for a particular experiment. “With his usual independence,” his friend and early biographer Carl Seelig reports, “Einstein naturally flung the paper in the waste paper basket.” He proceeded to pursue the experiment in his own way. “What do you make of Einstein?” Pernet asked an assistant. “He always does something different from what I have ordered.” “He does indeed, Herr Professor,” the assistant replied, “but his solutions are right and the methods he uses are of great interest.""

     And there are countless other quotes on the internet, where Einstein is quoted for things he never said. Next time, when you read or hear of something, and if it claims that Einstein told it or it happened in Einstein's life. Be vigilant, check if its a credible source or not!

## Interesting events - Ironies

If you have read the book, or are aware of Einstein's biography, like me you might have noticed some of the ironic events. Here I wish to write some of them, that I remember, because I found  them interesting.

1. Though Poincare was the first to disregard the idea of absolute time. Einstein was the one who had come up with the Special theory of relativity by considering the concept of ether superfluous. Ironically, even after Einstein had developed Special Relativity, Poincare didn't fully accept the ideas.

   > Until his death in 1912, Poincaré never fully gave up the concept of the ether or the notion of absolute rest. Instead, he spoke of the adoption of “the principle of relativity according to Lorentz.” He never fully understood or accepted the basis of Einstein’s theory. “

2. Planck had developed the theory that Energy comes in quantized forms(in discrete levels), to explain some experimental data. But it was Einstein who gave the physical meaning to that concept telling that Light can be considered as stream of packets of Energy(now called photons). And he further used this idea to explain Photoelectric effect, for which he went on to win the Nobel Prize. But surprisingly,  Planck did not like the idea the light consists of packets, though the theory that was developed by Einstein was a child of his own ideas!

   > “Among the great problems abundant in modern physics, there is hardly one to which Einstein has not made a remarkable contribution..........That he might sometimes have overshot the target in his speculations, as for example in his light quantum hypothesis, should not be counted against him too much.
   >
   > -an excerpt from a letter,written by Planck

3. Einstein had really made significant contributions to Modern Physics, and his theories have changed the perspective physicists looked at the world. In 1919, Sir Arthur Eddington conducted an experiment to confirm the predictions of Einstein's General Relativity. It is after this incident, that Einstein had become a celebrity. He was as popular as Charlie Chaplin! And it was indeed a revolutionary theory, as it gave a new picture of gravity, different from the one Newton proposed. His theories were so revolutionary that he was sure that he would someday win Nobel Prize. And there was already a contract made that on winning the Nobel Prize, he would give the money to his divorced wife   Mileva. It seemed obvious to everyone, Einstein would win the Nobel Prize but the question was when and for what! Undoubtedly, Relativity is the most significant contribution of Einstein, but during those days even after being experimentally proved right, relativity was still under debate. So in the end, the Nobel Prize was given to Einstein for Photoelectric effect.

4. Hermann Minkowski was a mathematics professor at ETH, who called Einstein a lazy dog during his college days, because he avoided his challenging courses. But after Einstein had developed Special Relativity, Minkowski was astonished and he told Max Born ""*It came as a tremendous surprise, for in his student days Einstein had been a lazy dog, He never bothered about mathematics at all*"". He later developed a mathematical theory of space-time to explain Special Relativity geometrically. Einstein first thought it was some kind of Mathematical sophistry, and used to joke that ""*Since the mathematicians have grabbed hold of the theory of relativity, I myself no longer understand it*"".   But later, Einstein had to the same idea of space-time, which he previously mocked to develop General Relativity.

   > .......That realization would sink in a decade later, when he was wrestling with the geometry of his theory of gravity and found himself forced to rely on the help of a math professor who had once called him a lazy dog. “I have become imbued with great respect for mathematics,” he wrote to a colleague in 1912......

Unfortunately, Minkowski was not there to witness General Relativity's development. He died in 1907, and legend has it declared that ""*“What a pity that I have to die in the age of relativity’s development*"".

## Footnotes

- Funny Image to depict mis-quoting of Einstein, obtained from  [36 Famous Albert Einstein Quotes That Will Blow Your Mind (louisem.com)](https://louisem.com/64476/famous-einstein-quotes).",,Imported from blog post: _posts/2021-03-01-einstein-book.md,1,0
,Man's Search for Meaning,Viktor E. Frankl,,,,,0,,,,,,,2021/03/16,2021/03/16,read-2021,,read,"Man's search for meaning is a book by Victor Frankl, a holocaust survivor. Victor Frankl developed the concept of Logotherapy, in which neurosis(mental disorder involving stress) is treated by helping patient to find a meaning in his/her life, to live by. The first half of the book contains Author's experiences and events in Auschwitz Concentration Camp. The author being a doctor, gives a psychological take on the events. Among these lines, there are many valuable and interesting ideas, and I wish to write a subset of them below.

- Dostoevsky's dialogues

  - **The definition of man is the one who can get used to anything:** In Auschwitz, people got habituated to minimal food and sleep despite of medical facts claim it is impossible for a man to live in such conditions
  - **The only thing  I fear is not being worthy of deeds**: Suffering is inevitable, it is in the phase of suffering that one must use it as an opportunity for inner achievement.

- Last of Human's Freedom

  - The last of human's freedom - to choose one’s attitude in any given set of circumstances, to choose one’s own way

    People in camps, were given very low food, had improper sleep, unhygienic living conditions. Despite all these sufferings, there were ""saints"", who chose to not become victim of conditions around. There were people, who would still give up their last piece of bread to others to save them.

- Logotherapist is a ophthalmologist, not a painter: In other type of therapies, the therapist guides the world as he sees it as and asks the patient to change his point of view. But a logotherapist on the other hand attempts to broaden the visual field of the patient helping him/her to find the meaning by himself. There is one answer to ""What is the meaning of Life?"", the question is equivalent to asking a Chess Grandmaster ""What is the best move in a Chess game?""

- Meaning can be achieved in 3 ways

  - Creative work or good deeds
  - Encountering something or someone you love
  - Facing Unavoidable suffering and rising above it

- When there is a lack of meaning, sexual libido becomes rampant...

  ```
  there are various masks and guises under which the
  existential vacuum appears. Sometimes the frustrated will to meaning is
  vicariously compensated for by a will to power, including the most
  primitive form of the will to power, the will to money. In other cases,
  the place of frustrated will to meaning is taken by the will to pleasure.
  That is why existential frustration often eventuates in sexual
  compensation. We can observe in such cases that the sexual libido
  becomes rampant in the existential vacuum.
  ```

- As per Schopenhauer, Man oscillates between Distress and Boredom, one has to find a meaning in life to overcome these.

- Last lines of the book:

  ```
   Since Auschwitz we know what man is capable of.

    And since Hiroshima we know what is at stake.
  ```

- Death in Tehran Story: This is an interesting story mentioned in the book, which goes this way...

  > Once a Rich guy was taking a walk in his garden leisurely. One of his servant comes panicking and tells that he has encountered death and was threatened by him. He asks his master for the fastest horse, so that he can flee to Tehran tonight. The master being a kind guy, gives his servant the fastest horse. Later that day, the death meets master himself and the master asks death why he had threatened his servant. The death replies that he had no intention to threaten the servant, he just expressed his astonishment to the servant. The king asked death why he was astonished. The death says he was astonished to find the servant here, and wanted to know what he was doing here, because he had a appointment with the death that night in Tehran!

  There are different interpretations of this story. One simple interpretation which I like is; things like pain, suffering and death are inevitable events. There is no pointing in trying to run away from them. One has to face them, understand the reality and use them as an opportunity for inner achievement.",,Imported from blog post: _posts/2021-03-16-man-meaning.md,1,0
,Notes from Underground,Fyodor Dostoevsky,,,,,0,,,,,,,2021/05/14,2021/05/14,read-2021,,read,"I recently read Notes from Underground by Dostoevsky. This is the second book I read of Dostoevsky. Crime and Punishment was my first. This is surprisingly a small around 120 page book, but contains a lot of practical philosophy, which I admit that I couldn't grasp on my own when I read it. YouTube reviews on the book helped me understand things that I missed when I read it first. Nevertheless, there are some good things which I learned from the book. I am not sure if Dostoevsky's intended to tell those, but I will write them down here anyway.

## On Dostoevsky

I am not a fan of fiction books. I generally read non-fiction. But I really enjoyed reading Crime and Punishment a lot. From then on, I got interested in Dostoevsky, and planned to read more of his works. The best thing I felt about Dostoevsky was that he address more of problems that are practical and mostly due to things happening inside human mind. It is not just circumstances around, but the tenets of Dostoevsky's characters seem to be the main cause of actions. For example, Raskolnikov in C&P commits murder, not mainly because of his poverty but mainly because he believes that he has the moral right to(I concluded this from Raskolnikov's theories on types of people - One like Napoleon and the other like rest. Raskolnikov believed he belonged to the former). Most of the mess, we face is because of how we view things inside our mind. Like Seneca said,

*We suffer more often in imagination than reality*

And I feel Dostoevsky was very well aware of this. I believe that this awareness has come from the suffering that he faced at the Siberian prison camp. It is in suffering that humans come to understand a great deal about reality and themselves. Victor Frankl's work Man's search for Meaning made me think so.

I wish to conclude that Dostoevsky's philosophy is more like Psychology of Human mind. In fact, Friedrich Nietzsche popularly said

*Dostoevsky,the only psychologist from whom I've anything to learn.*

So, if you are reading abstract philosophy or philosophy that says life is beautiful, people should be happy to live a good life and other straight forward things which only sound good, its time to face a deeper reality, start reading Dostoevsky soon!

## On Notes from Underground

The most interesting things I learned from the book were about irrationality and over consciousness(hyperconsciousness is actual word!), and how these 2 things are related. The protagonist in this book is a man, who is over conscious about his actions and intentions, a very rare thing. Most of us, react on our sudden impulses and hardly are aware of what we do and why we do.  So it may seem that this underground man is some philosophically rich guy with a clarity on life and lives a happy life. But that's not the case at all.

He life is a mess.  He abandons his friends, rudely addresses the girl who came to love this man and is inconsiderate to his servant. The question that arose in my mind was how can someone who can think so deeply face misery. But according to Dostoevsky, it is people who are hyper-aware of themselves end up doing nothing because all they do is think and think but don't act

>  But what can one do, if the only straightforward task of every intelligent man is pointless chattering, the deliberate pouring out of emptiness?

A normal man, can instead skip all things and proceed to act. If you are overly aware of yourself,  you are more likely to be in dilemma than clarity

> Last of all, gentlemen: it is best to do nothing! The best thing is conscious inertia! So long live the underground! Although I have said that I am green with envy of the normal man, I wouldn’t like to be him in the circumstances...

Read the second part of the book to completely be get a better clarity on how hyper-consciousness of this underground man messes up things around him.

But does it mean one must act on impulse, rather than reflect on his actions. After all, aren't we superior among all creatures because we have this ability to think about our own thoughts and think about those thoughts further.  I personally believe that [thinking about our actions](https://rakaar.github.io/2021-02-26-stepping-out-of-system/) makes us what we are. One must be aware of what one is doing and why is he/she doing! If not, what better are we from a machine then?

My take away from this book lies not from things I wrote above, but are in the details of the book. The details in thoughts of the underground man. Problems arise because the underground man always considers thinks his actions, with other people's reaction in mind. He does things because he wants to feel superior, he wants to have morally upper hand, he consider himself more intelligent than the rest. Here are some lines from the book which depict that

The following is just a subset of complicated thoughts, just because a officer in tavern moved him by his shoulders without noticing him

>  I could have, forgiven him for striking me, but I couldn’t forgive that moving me from place to place without even seeing me.

> It was torture to me that even in the street I could not manage to be his equal. ‘Why are you invariably the first to give way?’ I nagged at myself sometimes, hysterical with rage, when I woke up at three o’clock in the morning. ‘Why is it always you, not him? There’s no law about it, is there? nothing on the statute-books?

> . ..I composed a really beautiful and charming letter to him, begging him to apologize; I hinted pretty plainly at a duel if he refused. The letter was couched in such terms that if the officer had the slightest understanding of ‘the highest and the best’ he would come running to me at once, fall on my neck and offer me his friendship. And how splendid that would be. We should begin a new life, and what a life! ‘He could protect me with his influential position, and I could develop his better qualities with my culture and… well, my ideas, and all sorts of things could happen!’...

What sought of guy, takes such things seriously???

Even when he meets a beautiful girl at a brothel, and tries to warn her that how her future might be miserable if she continues her job, because he was really moved. And he also, gives her his address so that she could visit him when he had changed his mind. But when she finally do visits him, his false sense of superiority makes him behave rudely towards and ultimately leaves him. In spite of this, the underground man hesitates to apologise.

> ...To fall in front of her, burst into repentant sobs, kiss her feet and beg her forgiveness. That was what I wanted; my heart was torn, and never, never, can I remember that moment with indifference.
> But – to what end? I thought. Should I not begin to hate her, the very next day, perhaps, precisely because I had kissed her feet today? Could I possibly give her happiness? Had I not recognized my own true value today, for the hundredth time? Could I avoid torturing her?

This echoes the idea of *All problems are interpersonal problems* from the book *Courage to be Disliked*. We suffer in our thoughts mostly because we are concerned about our image in other people's minds.

>  When you enter into interpersonal relationships, it is inevitable that to a greater or lesser extent you will get hurt, and you will hurt someone, too. Adler says, “To get rid of one’s problems, all one can do is live in the universe all alone.” But one can’t do such a thing.
>
> From Courage to be Disliked",,Imported from blog post: _posts/2021-05-14-on-notes-from-underground.md,1,0
,Black Hole Blues and Other Songs from Outer Space,Janna Levin,,,,,0,,,,,,,2021/07/18,2021/07/18,read-2021,,read,"I recently read the book Black hole Blues and other songs from Outer Space by Janna Levin. The book is about how Gravitational waves were detected. The author takes us through the journey from origin of idea to detection. Though the book doesn't get into the technical details a lot, the story was an interesting read as we get to know the logistics of a large scale experiment.

## What are Gravitational Waves

Newton proposed the each mass attracts every others and he called this force of attraction as Gravity. He was never able to explain the cause of it. Einstein, revolutionised our understanding of Gravity with his General theory of relativity(GR) in 1915. The most popular explanation of GR is given by a trampoline on which a heavy mass is placed at the centre and multiple small balls revolve around the heavy mass. This is akin to planets revolving around the sun([video](https://www.youtube.com/watch?v=MTY1Kje0yLg)). This model explains gravity. The trampoline depicts the space, and the heavy masses like sun and planets bend the space. ([Better explanation by Brain Greene on GR](https://www.youtube.com/watch?v=0jjFjC30-4A))

Taking forward this idea, in 1916 he predicted that just like when there is a disturbance at some point in a lake, it sends out ripples, a disturbance in space(like when astronomically heavy masses like black holes collide) would also send out ripples in the space. These are called the Gravitational waves. ([Better Explanation by Brian Greene on Gravitational Waves](https://www.youtube.com/watch?v=ajZojAwfEbs))

## It's a big deal!

People at LIGO detected the collision of 2 black holes 1.3 Billion Light years away! The big deal about this detection is that such a massive collision just changes the space less than width of proton. Building such an ultra sensitive instrument is no small feat!

The idea that Gravitational waves could be detected was seriously taken 3 physicists - Kip Throne, Rainer Weiss, Ron Drever - together called the *Troika*! Efforts of these 3 people led to foundation of the LIGO project. The book covers the difficulties they had faced to convince NSF, the congress, fellow physicists to start such a large scale project. There was still no confirmed believes that Gravitational waves were real and could be detected. So, you can imagine what leap of faith pioneers have taken!

## Things I liked in the book

**1. Getting to know experimental Physicists**: The Pop-science news focuses a lot on theoretical physicists for almost every discovery. They surely deserve the fame, as they have depicted how with just sheer power of human intellect mysteries of nature can be solved. But after reading the book, I got to know details of what goes behind the scenes in verifying a theory. This is really challenging, especially if the theory like Gravitational waves is still not widely accepted. Experimental Physicists Rainer Weiss, Ron Drever and Joe Weber pursued this idea seriously and began working on prototypes during the time when not many people believed that Gravitational Waves were real and could be detected. The initial chapters of the book explain the life of these experimental Physicists in brief. This book does a fair job of bringing the life of Experimental physicists to Lime light.

**2. Importance of Collaboration**: Another important take from the book for me was that it is necessary to be able to work in team no matter how genius you are. [Here](https://www.freecodecamp.org/news/we-fired-our-top-talent-best-decision-we-ever-made-4c0a99728fde/) is an interesting read about the same in Software Development. So, as mentioned previously the members of Troika were the pioneers in starting the work on Gravitational Waves Detection. Among the three men, Ron Drever was an amazing intuitive experimental Physicist. Here is an excerpt from the book depicting his intuitive power

> Kip was neck-deep in a tedious, multipage calculation when Ron presented a diagrammatic solution. Ron could not have performed the formal mathematical calculation but still he could somehow see the solution in pictures, impressing Kip indelibly

But working together as team with Ron was very hard. He was not interested in following the team and followed his own ways. As time passed, differences between Ron and the management grew. And one day it lead to firing him out of the LIGO project, which he had co-founded. He could never work on the project again. There are cases where being impudent against authority have won(Albert Einstein!), but collaboration in Science especially in large scale projects is essential.

**3. Rai and Kip's amazing Personalities**: As I was reading the book, I fell in the love with the personalities of these 2 physicists. Whenever there were differences between Rai and Ron, it was Kip who used to resolve them patiently. Kip though being an introvert(as claimed in [this interview](https://youtu.be/CVovLIjOsL4?t=360)), collaborated with large number of people because there was a need of it in such large scale project. Rainer Weiss was also a lovely guy! As said previously, he was one of the founding members of the LIGO project. He made the initial small prototypes in the initial days with the budget he had. In spite of being such an important member, Rai was never hesitant to do menial works like getting into tunnel and removing the spiders. Rai tried to help the project in as many ways as he could([ref](https://youtu.be/9GIsSn_LUh0?t=17)). Such down to earth stories of these great physicists are always inspiring and enjoyable.",,Imported from blog post: _posts/2021-07-18-blackholeblues.md,1,0
,The Anthropocene Reviewed,John Green,,,,,0,,,,,,,2021/08/26,2021/08/26,read-2021,,read,"Anthropocene Reviewed,a non-fiction book by John Green, is a collection of essays that review different facets of human centred planet on a 5-star scale, as John likes to put it. The choice of essay topics is interesting and of wide variety. There is an essay on Sunset, one on Cave Paintings in France, one on Teddy Bears, couple of them are on John's favourite songs - ""You''ll never walk alone"", ""New Partner"". The essays are filled with interesting facts, rich insights and some emotional stories.

We, humans constantly want to see *pattern* and *meaning* in every thing. We look for patterns in incidents happening and refuse to acknowledge role of randomness. We want to find meaning out of every action. As I reflected on some aspects of the books, I felt there was some deep meaning hidden that author wanted to convey. Before I share my personal thoughts, I would like to share few interesting insights from a couple of essays.

## Interesting Insights

What I liked most the essays was John's unique rich insight on a simple topic. For example, in the review of ""Diet Dr Pepper""(a drink) John tells us how creation of such a drink is an example of what wonders humans can do.  A unique taste is always attributed to things obtained directly from Nature. Most of the soft drinks are just a version of Natural tastes. For example, Cola is derived from kola nuts and vanilla, two real-world flavors. Sprite has that lemon-lime taste. Purple soda is grape-flavoured. But Dr Pepper has no natural-world analogue. The taste of Dr Diet Pepper is purely a creation of chemist.

> Each time I drink Diet Dr Pepper, I am newly astonished. Look at what humans can do! They can make ice-cold, sugary-sweet, zero-calorie soda that tastes like everything and also like nothing. Each time I drink Diet Dr Pepper, I am newly astonished. Look at what humans can do! They can make ice-cold, sugary-sweet, zero-calorie soda that tastes like everything and also like nothing.

And in another essay John reviews ""Lascaux Cave Paintings"". These are Cave Paintings in France. John discusses the interesting story of how these were discovered by a group of kids and a dog. But what's more interesting is that John's thoughts on why these cavemen did these drawings. He writes that cavemen were no different from us(the Modern Man), who seeks pleasures in art. Though Art doesn't increase any survival prospects of the cavemen, they did it extensively as if *art isn't optional for humans*

> But the hand stencils also remind us that humans of the past were as human as we are. Their hands were indistinguishable from ours. More than that, we know they were like us in other ways. These communities hunted and gathered, and there were no large caloric surpluses, so every healthy person would have had to contribute to the acquisition of food and water—and yet somehow, they still made time to create art, almost as if art isn’t optional for humans.

There are many such essays filled with such interesting insights. As I read through the book, I began appreciating the perspectives of John more. The perspective and insights are not just clever, but they have a human aspect, which makes the essays more enjoyable.

## Why only 3.5 Stars?

As I said, each essay is a review on a topic. At the end of the essay, John gives a rating out of 5 for the topic. Each essay ends with the line *`I give <Topic> <X> stars`*. I was curious on what basis John gives the rating. Like why things like ""Our capacity to wonder"" was given only 3.5 stars?. Why were ""Sunsets"" given give stars?

I speculate that some of the topics were rated from the perspectives of humanity as a whole to convey a message. In a review on ""Our capacity to wonder"", John talks about our aesthetic sense to appreciate the beauty around us and be wondered. In the beginning of the essay, John quotes Fitzgerald from The Great Gatsby - *For a transitory enchanted moment, man must have held his breath in the presence of this continent, compelled into an aesthetic contemplation he neither understood nor desired, face to face for the last time in history with something commensurate to his capacity for wonder*. And he continues talking about the book and its history in detail.

In the end, he talks about a personal incident at the forest woods, and how he felt when he looked at a beautiful Brown Oak Leaf. John beautifully writes...

>  ....I began to look as well[at the leaf], and I soon realized it wasn’t just a brown leaf. Its veins spidered out red and orange and yellow in a pattern too complex for my brain to synthesize, and the more I looked at that leaf with Henry[his son], the more I was compelled into an aesthetic contemplation I neither understood nor desired, face-to-face with something commensurate to my capacity for wonder.

And John concludes telling that there are plenty of beautiful things around that can amaze us, but its only our attentiveness that is scarce.

> From the quark to the supernova, the wonders do not cease. It is our attentiveness that is in short supply, our ability and willingness to do the work that awe requires.

""Our capacity to wonder"" is a unique quality of humans. But John gives ""Our capacity"" to wonder only 3.5 stars. I guess here John wanted to make the point that humans don't fully appreciate this beautiful quality. We don't spend enough time or effort in being awed by the things around us. The low rating depicts our lack of effort to capture the wonder. So don't let your capacity to wonder be submerged under the daily busy activities. The capacity to wonder is what makes humans unique from rest of the species.

And interestingly, the first topic in the book that was given 5 stars was ""Sunsets"". Sunset is an epitome of nature's beauty. No one requires any explanation to appreciate sunset, the mere sight of it *compels one into aesthetic contemplation that is neither understood nor desired*. Sunsets do deserve 5 stars, and also do every other beautiful thing in Nature - the tree, the rain, the breeze and every other thing!

## Why no essay on Rick Roll?

While reading the book, I thought about the choice of topics. The book contains an essay on the song - ""You'll never walk alone"", on essay on the song ""Auld Lang Syne"", one on the song - ""New Partner"". But I wondered why wasn't there an essay on the most popular song - ""Never Gonna Give you Up""(Rick Roll). People regard this song as Internet's theme song. Similarly, there is an essay on the movie ""Harvey"", one on the movie ""Penguins of Madagascar"". I wondered why wasn't there an essay on other popular films - like Dark Knight Trilogy, Titanic, Inception. These movies and songs are widely loved and appreciated. More than sunsets I suppose! Why aren't there essays on such popular movies and songs?

It is then I realised that what makes the book special is that John wrote essays on the topics which he loved. Because he loved these songs and movies as they have a key role in his personal past stories, he could think deeply about them and provide such wonderful insight. Of course, he could have researched about Rick Roll like he researched about Super Markets for the essay ""Piggly Wiggly"". But I think there would not be much he could not be such wonderful insights. Such insights only occur when you are emotionally connected to the topic, which enable you to deeply think and understand its different facets.

I realised that one should write about things that excites her. Don't write on a X topic, because it is popular or because you think it will have wider audience. Write only about things that connect to you emotionally. When you are connected emotionally to a topic, you can contemplate about it and provide unique thoughts which no one ever can. The combination of incidents you face, the books you read, the people you meet, the movies you watch; though there might be intersection in each of the individual things, but the combination of all of these things is unique. And this unique combination is a experience, which no one else has experience which no one else on earth has faced ever before in the past, or will experience it in the future. Hence, on enough contemplation, you will have a unique set of thoughts, which only you are capable of producing. Though, this seems like a glorified argument telling - ""Just be you!""(which in one way it actually is), this feeling became more strong as I noticed the John's personal stories in essays.

Harvey is not as popular as some of the classical movies. But this movie has a great influence in John's aspect in his life, when he was depressed. After coming from work, he would just be lying on the kitchen floor watching the Sprite. For a couple of weeks, John was unable to eat any solid food and survived on Sprite. One day he decided to take a break from his job and attend medication. Before he left he had told his situation to his magazine's publisher(John worked at Booklist magazine) Bill. Bill left a small note on John's desk which says

> John, I stopped by to say goodbye. Hope all goes well and you’re back here in two weeks with an appetite that would put a longshoreman to shame. Now more than ever: Watch Harvey. –Bill

In such desperate times, John found hope after watching the movie. He could return back to his work after a couple of months.  As John writes *I have never felt quite as hopeless since watching Harvey as I did just before I watched it*. John admits that the medication had helped him, but he gives good amount of credit to the role of the movie in his recovery. John found the movie in his desperate times, and I believe that this deep connection with movie made the essay beautiful. I loved the last lines of the essay, which go this way...

> I hope you never find yourself on the floor of your kitchen. I hope you never cry in front of your boss desperate with pain. But if you do, I hope they will give you some time off and tell you what Bill told me: Now, more than ever, watch Harvey.

By the way, Harvey was given 5 stars.

In the same way, there is an essay on the song - New Partner. This is again a less known song. When I heard this song on YouTube, almost all the comments of the video were thanking John for recommending this beautiful song. Like the movie Harvey, this song played a special role in John's life. It provided him comfort in some of the painful moments, as he liked in the essay.

The concluding lines of this essay are a masterpiece

> At the end of the song, I ask my son if he liked it and he says, “A little.” He’ll have a different song. You probably have a different one, too. I hope it carries you to places you need to visit without asking you to stay in them.

Even New Partner was given 5 stars.

## Epilogue

There are popular books, where there *something for everyone* in the book. Different parts of a book appeal to different people due to the varying interests and backgrounds. But Anthropocene reviewed is one of the rare books, where *everything is for everyone*.

I give Anthropocene Reviewed 5 Stars.",,Imported from blog post: _posts/2021-08-26-anthro-review.md,1,0
,I Am a Strange Loop,Douglas R. Hofstadter,,,,,0,,,,,,,2021/10/19,2021/10/19,read-2021,,read,"## For people in a hurry

It's one heck of a book that anyone can read and everyone must read. The book doesn't require any background. To boil it down, these are the important questions(whether you have asked or not) that are discussed in the book

1. What is ""I""?

2. How does consciousness arise, and is it only in humans?

3. How we live in each other?

4. Is death an instant end?

5. Why conscience is the most important unique quality that humans have got?

Most importantly, all these are discussed in Hofstadter's style. There is a great pleasure in reading and understanding things his way.

One of the most fascinating things about we humans is that we not only perceive and think about things around us, but also can think and perceive ourselves-what we call I.  Hofstadter takes you through an amazing journey to explain this phenomenon called ""I"".

The initial half of the book focuses on the reasoning to support Hofstadter's ideas. There is a discussion on Gödel's theorem, analogies, feedback mechanism. But along the journey, you find the book touches the human aspects - what is I, how we affect people we live with, what is death, how strong is the link between you and your physical body, conscience and generosity. It is these aspects, which make me feel that the book is important for everyone to read.

Below, I try to cover all the important ideas of the book in brief, hoping that some of the lines would encourage you to pick up the book.

## Hofstadter's level

>  *While we all thought in notes, he used to think in chords*.

Hofstadter proposes that to understand the human mind, one must look at higher levels that are abstract. He argues that studying things at the neuron level will not lead us to any understanding due to the sheer large number of neurons. Instead considering the average effects can give us insights.

He compares this idea to application of *Statistical Mechanics* in *Thermodynamics*. In Statistical Mechanics instead of studying individual particle behaviour, the average effects of large number of particles are considered to understand behaviour of a gas. Hofstadter argues that for the brain we need to have a similar approach - *Statistical Mentalics* and *Thinkodynamics*.

*The Conventional levels of study*

*Hofstadter's levels*

Hofstadter compares studying of human mind at lowest physical level to understanding literature by studying at typographical level. We need to come to a higher level to understand thoughts.

## Who shoves whom around inside the cranium?

> It ain't the meat, its the motion

In the spirit of understanding at high level, we now discuss an abstract theory that gives us a good model of mind. We all have different concepts in our mind. We have a concept for what a dog is, a concept for what a human is, a concept for what love is, a concept for what envy is. We perceive the world in terms of different concepts. Hofstadter proposes that each concept in human mind is represented by a set of ""symbols"".

Symbols are structures in brain that represent each concepts. Just like Genes are chemical entities corresponding to hereditary traits, symbols are neurological entities corresponding to concepts. The firing of neurons in a structure activates a symbol. The activation of different symbols  in brain enable a thought. Hence a thought is essentially a ""dance of symbols"" in the human brain.

We don't yet have enough physical understanding of brain to point out that these particular neurons and these firings point out to these particular thoughts. But this abstract idea of symbols, will help us to answer few important questions as we will see.

So, as we grow, we start developing concepts for many things around us. And these concepts have corresponding symbols. As the symbols keep growing we develop a complex repertoire of concepts, complex enough that there is a concept to represent itself. This concept is called ""I"".  So, essentially what we perceive as I, is a set of symbols in brain that represent itself.

A too much hand-wavy explanation, but an analogy from meta-mathematics will  convince you more.

## Gödel's proof and new meaning out of a new mapping

> The mundane of analogies can reveal deepest roots of human cognition

While many stare at Gödel's theorem and be fascinated by the fact that logic has inherent limits. Hofstadter saw a new meaning in the proof. The proof is used as an analogy to explain how humans develop the concept of ""I"".

In the beginning of 20th century, mathematicians were shaken by paradoxes that questioned the foundations of mathematics. The most popular one among them is Russel's paradox. The barber's version of the paradox is simpler to talk about  - in a town, there is a male barber who shaves everyone who can't shave their own beard. Does the barber shave his own beard?

A legend named Bertrand Russell was frustrated, and blamed self-reference to be the cause of all the paradoxes(just like does the barber shaving himself?). So he along with his old mentor Alfred Whitehead, authored a book called *Principia Mathematica(PM)*, which contained strict rules to make any mathematical statements. Most importantly the rules prohibited self-reference. Nothing according to rules could refer to itself. They thought that with all these rules prohibiting self-reference, we would have no more contradictions in mathematics, and mathematicians can safely assume that every true statement of mathematics can be represented using the rules from the book. Apart from restricting self-reference, the other important aspect of the book was to make mathematics mechanical.

The book contained rules for how every statement in mathematics can be represented as a string of characters. And to derive a new theorem, all you have to do is start with a true statement, make string manipulations as per the rules of PM. For example, a rule can be if you see two $$\neg$$ symbols side by side(""$$\neg$$"" stands for negation), they can be removed. This is logically equivalent of two NOs mean YES!

$$ \neg \neg (2 + 2 = 4) $$

$$ (2 + 2 = 4) $$

If you have followed the rules properly, you would end up at a new true statement in mathematics expressed in form of arbitrary characters. But note that the final arrived statement is not random, anyone with a basic training could decode what the set of characters were speaking. For example, look at the following string

$$ \neg \exists b:(b.b)=SS0$$

The above states that there is no number that when multiplied by itself equals 2(We are dealing with natural numbers here). In short, it tells that 2 is not a perfect square. The two ""S"" in  `SS0` implies the successor of successor of 0, which is nothing but 2.(For convineince, you can think of `S` as adding 1. Adding 1 twice to zero, gives two)

Now Russell has made a system so strong and rigorous that by following its rules, any true statement in mathematics about numbers can be written as a string of characters in PM; just like we did for ""2 is not a perfect square"". Using these rules, one can express any statement about numbers like ""23 is a prime"", ""every even number can be express as sum of two primes"", ""there are infinite prime numbers"". Russell was sure that with this set of rigorous rules  restricting self reference, there will be no paradoxes, no self referential statements. What Russell essentially did was he created a mapping between Statements about numbers in mathematics and string of characters.

Godel came and re-analysed the notion of meaning of these strings of characters. He showed that by just adding another level of mapping, one could make self-referential statements. Put simply, just like Russell created a mapping between statements in mathematics and string of characters in PM, Godel created another mapping between strings of characters in PM and numbers. This second level of mapping - Godel's numbering scheme is Godel's first genius feat in the groundbreaking paper.

The second genius feat of Godel was using his numbering scheme, he was able to express a statement - *I am not provable* using the rules of PM(I would love to talk about the proof, but that will be a topic for another blog). Godel had not violated any rules. He just added another level of mapping, which could show that PM was strong enough not only to talk about numbers, but enough to speak about reasoning and itself.

Thus what Godel showed us is, with an enough complex system(like PM), self-reference is inevitable. Hofstadter argues that the same is human brain. So, the notion of *I* has inevitable risen from the complex repertoire of concepts in human mind.

Another important idea that is obscured here is how meaning arises from meaningless symbols. What Godel's numbering scheme does is it creates a mapping between a statement about numbers and whole numbers. For example, consider a statement `0 = 0` has a Godel number of $$2^6 \times 3^5 \times 7^6$$.(Don't worry about how it came, it is just a set of mechanical rules). Now whole numbers on their own don't seem to contain any meaning. What can you make out from this huge number - $$2^6 \times 3^5 \times 7^6$$ ? But the mapping between meaningless Godel's numbers and a statement in mathematics shows its importance.

Similarly, the firing patterns of neurons(activation of symbols) on their own might not seem to carry any meaning. Its just a physical process, what can one make out it? But they are essential in the sense that there is a mapping between those firing patterns of neurons and abstract concepts we perceive. A simpler analogy - individual marks on paper of different shapes like `c` or `o` are meaningless. It is aperiodic pattern of such different shapes that give rise to a meaningful sentence.

## Revisiting ""I""

> Consciousness is not a power moonroof

This ""I"" concept is indispensable because of its survival value. We human beings are macroscopic creatures. We can't look at things at a level of quarks and make decisions. There is a need for abstract concepts to make decisions important for our survival, and *I* is the most important one. You can't escape the illusion of *I* because of your size.

Now, there have been other arguments explaining, what I is and how consciousness arises. One of such arguments claims that there is something non-physical that comes on top of human brain that causes consciousness. But Hofstadter dismisses such arguments telling *consciousness is not a power moonroof*. He argues that it is not a feature built on top of brain. It is the complexity that inevitably gives to consciousness. Here is a good analogy given by Hofstadter. Suppose you want to build a Racecar. As per the design, you are building a car that has sixteen cylinder motor, its chassis has been built differently to endure high speeds, it has wider tyres. Now after building it, would you need to add some *race car power* to make it a race car? No, it is a race car due to its design. The same is with human brain. There is nothing like *the consciousness* layer, that is added to the physical human brain. The complex design of brain, which is capable of hosting a large variety of symbols, inevitably also has symbols to represent itself.

Now again, one might argue that consciousness is due to some physical matter in human brain.  But this brings a lot of questions like what is special about this physical matter that causes this consciousness? where does it lie in our brain? is it only present in humans? why that matter is only in humans?

Quoting Daniel Dennett - *It ain't the meat, its the motion*.  It's not about the physical matter the brain is made of, but it's about the motions(patterns of neuronal firing) that inhabit the brain.

## Human aspects

Once you consider this thought that what you perceive as *I* is an illusion caused by a set of particles following physics laws, it gives an existential crisis. But this existential crisis is good. Good in a sense that its implications liberate us from some of the regular sorrows, and change perception about different things about life.

Hopefully by now, you are convinced that *I* is a set of neuron firing patterns that run in one's brain. The brain is just a platform or hardware or a host for these patterns.  Just like a book is not a physical thing - a set of papers bound together containing marks. A book is a pattern of characters. The pattern of characters can be hosted on paper, mobile screen, computer screen. Your identity is not your physical brain, but the patterns that run on it. So, in theory, a hardware built well that functions akin to brain, should be capable of simulating your thoughts.

Hofstadter calls the symbols capable of representing itself as called a *Strange Loop*. Each one of us has a strange loop representing himself/herself in our brains. The brain also houses many other symbols for various concepts. Among them, we also have symbols to represent people whom we meet. We can consider these symbols as a coarse copy of their strange loop. So, when you interact with your friend, who has her own strange loop. There is a coarse copy of her loop in your mind. The more you interact, the more you get to know each other, your copy of her strange loop gets more and more similar to her own strange loop. The same happens vice versa. Your friend has a coarse copy of your strange loop in her mind. And that coarse copy gets updated every time she gets to know more of you.

The interaction doesn't have to be a conversation. You can know people via anecdotes that you have read or heard. You can also learn about people from their writings or their other works. This idea has profound implications. Especially, the idea that one can live longer even after physical death fascinates me the most. Fyodor Dostoevsky passed away a couple of centuries ago. But every time, when I read his works, my symbols for who Dostoevsky was, what his ideas were, what he felt all get transported destroying the physical barriers of space and time. I may not have met Douglas Hofstadter, but there are symbols in my brain representing him(his strange loop). And every time, I read his writings, my copy of his Strange loop starts getting identical to his own strange loop.

So, essentially one's legacy left behind is one's *soul shard*. Dostoevsky's books, Chopin's composition, Hemingway's stories... all of these soul shards of these great men. And when we come across their works, we get to feel what they had felt. We get a glimpse of what it means to be that person.

Another of its implications is the realisation that identities are on a continuous spectrum. When a coarse copy of someone's strange loop gets modified in your brain, it also modifies your own strange loop. This effect is more apparent in children, they imitate elders they interact with. We adults also kind of ""imitate"". When you spend time with your friend, you ""imitate"" her actions, that you like or you think are rewarding in your community. So, essentially the more time you spend with your friend, not only your coarse copy of her strange loop gets modified, but also your own strange loop gets more and more similar to hers. Perceptions become more and more similar. When you come across something that you have enjoyed, you also become aware of how that person will feel. That is how *we live in each other*.

Here, I would like to show you a drawing of my good friend, representing the idea of we affect each other.

## Conscience and Consciousness

> Partial internalisation of other creature's interiority is what marks off creatures, who have large souls from creatures that have small souls

Now that we have talked about consciousness, there is one more quality that is unique, fundamental to humans, lies closely to consciousness - Conscience.  In French, the word *conscience* has both meanings - conscience and consciousness. This is not a linguistic exception. If the ability of human brain to host patterns to represent itself cause consciousness,  then the ability of the same human brain to have coarse copies of fellow beings causes conscience. This enables us to be aware of what a person feels and sympathise with them, though we never have personally faced such a situation.

Other creatures are not capable of this quality. Consider a mosquito. Due to its smaller brain size given by evolution, it is not capable of hosting a wide variety of symbols like human brain can host. So, there is no way for a mosquito to know what others perceive or feel or think. It can be considered as *blood-sucking flying automaton*. Hofstadter calls such creatures - *small sized souls*. The most interesting fact is we are somehow aware of this fact subconsciously. That is the reason why we don't hesitate to kill a chicken as much as we hesitate to kill a dog or a fellow human being. In our subconscious, we have a built-in hierarchy cone according to the degree to which creatures can perceive themselves. It is based on this hierarchy, the decision on what creatures are to be consumed and what creatures are not is made.

*The cone of consciousness*

Conscience and Consciousness are the qualities that makes humans unique. Gandhi was titled *Mahatma*, which in hindi means large sized soul- a soul that is capable of housing other souls. *Partial internalisation of other creature's interiority is what marks off creatures, who have large souls from creatures that have small souls.* Sense of I is brought into reality with sense of other selves.

## You are a Strange Loop

The question of consciousness, the question of I, all boil down to *who shoves whom around inside* our *teetering bulbs of dread and dream*. The fact, that we will never be able to perceive self at that level is a gift, for we live in abstract concepts of our own creation.

## Interesting References mentioned in the book

Related to Philosophy of Minds

- Reasons and Persons by Derek Parfit
- Mind's I by Daniel Dannett and Hofstadter
- Intuition Pumps by Daniel Dannett
- Where am I by Daniel Dannett

Movies & Novels

- The Baker's Wife
- The Catcher's Rye
- The Heart is a lonely Hunter
- Sophia's Choice

Short Stories

- Pig by Roald Dahl
- An Occurrence at Owl Creek Bridge by Ambrose Bierce

Phrases

- *Teetering Bulb of Dread and Dream* from a Russell Edson's poem named The Floor
- *Who shoves whom around inside the cranium* from Roger Sperry
- *blooming, buzzing confusions* - baby's first experience of the world. Quote by William James
- *It ain't the meat, its the motion* - a song and a phrase used by Daniel Dennett to argue against John Searle that human brain's intelligence is not about the matter but its the firing patterns that matters.",,Imported from blog post: _posts/2021-10-19-strangeloop-review.md,1,0
,A Devil's Chaplain,Richard Dawkins,,,,,0,,,,,,,2021/10/23,2021/10/23,read-2021,,read,"## Devil's Chaplain Essay by Dawkins - Summary

When Darwin realised the cruel process of which natural selection that lead to evolution of life, he wrote

> What a book a Devil's Chaplain might write on the clumsy, wasteful, blundering low and horridly cruel works of nature

Ichneumonidae sting their hosts(like caterpillar or moth cocoons) to paralyse them and injects eggs into the living bodies. The larvae grows by consuming the living host. Isn't this cruel? But nature is neither kind nor cruel, its indifferent. Blindness to suffering is a consequence of Natural selection.

We humans, are a result of the same slow and cruel process. So, are we bound to behave so cruelly and selfishly? When humans act indifferently, are they behaving in accordance with rules of nature? Some men misguided or with intention to mislead cite the cruel process of Natural selection to justify their selfish deeds like killing or ill-treating a set of fellow human beings of the society.  They coined the term ""Social Darwinism"".  It has been used to justify social inequality, racism, imperialism and eugenics. These were the Devil's Chaplains that Darwin was talking about. Darwin would have been infuriated with his name being attached to such cruel idiotic idea.

But a simpler question that one might ponder is, aren't we supposed to be indifferent as we are a product of such process. In his essay titled *Devil's Chaplain*, Dawkins  quoting various people argues that it is the opposite what we should do.

By nearly three billion years of evolution, we humans have been given a brain, which is capable of understanding its provenance. Quoting Dobzhansky

> In giving rise to man, the evolutionary process has, become apparently for the first and only time in the history of the Cosmos, become conscious of itself

It is as if a machine has become of the cruel algorithm through which it was built. Through evolution, we have the gift of understanding the cruel process that gave us its existence, gift of revulsion against its moral implications. So, as humans with this gift of conscience, we should be obliged to be kind. As T.H.Huxley wrote in *Evolution and Ethics*

> ...the ethical progress of the society doesn't depend on imitating the cosmic process, still less in running away from it, but in combating it.

In Dawkins words - *We, alone on earth, can rebel against the tyranny of the selfish replicators.*

[*A comic from evolution.berkeley.edu*](https://evolution.berkeley.edu/misconceps/IIIBmight.shtml)

## My favourite essays the book

The book *Devil's Chaplain* is a collection of essays by Dawkins on Science, evolution, religion and pseudoscience. Here are list of essays that I loved.

**Essays on Pseudoscience**: It is easy to impress and convince audience with attaching ""Quantum"" prefix and proving any absurdity as true - Quantum Healing, Quantum theology, Quantum psychology. Essays containing Dawkins take on Pseudoscience is full of wit, and at places you also find great humour. Here are the essays that might like

- **Crystalline Truth and Crystal Balls**
- **The Great Convergence**
- **Dolly and the Cloth Heads**

**Essays on Genetics and Evolution**: There are some interesting ideas related to genetics and evolution in the following essays.

- **Gaps in the Mind**:  Addressing an interesting argument against evolution. And how humans are prejudiced to think in discrete terms.
- **Darwin Triumphant**: The universality of Darwin's theory.
- **The Information Challenge**: About the information contained in Genes.
- **Gene's aren't us**: A discussion that our character is not linked with one specific Gene. Its statistical!
- **Son of Moore's Law**: A discussion on Genome project - collecting a database of genes and the decreasing costs of collection.

**Essays on Memes**: A Meme is a self-replicating element of culture passed by imitation. Dawkins discuss the growth of culture in terms of memes. He also discusses about how children are vulnerable to wrong ideas.

- **Chinese Junk and Chinese Whispers**
- **Viruses of the Mind**

Last but not the least, you must read the open letter written by Dawkins to his daughter on her 18th Birthday. The letter is titled - *Good and Bad Reasons for Believing*. The letter is an advice to a child by a Scientist and a Father on what should one choose to believe.

## Interesting Terms

- Physics Envy: Freud had proposed a term called ""Penis Envy"" which describes the anxiety of young girls on realisation that they don't have a penis. Physicists employ mathematical rigour to make their predictions.  ""Physics Envy"" is used to describe the anxiety of researchers from fields that lack mathematical rigour.
- Spiciest: The term refers to human beings, who believe that all other animal species are inferior.

## Post Scriptum

There is one essay in the book, whose conclusion will last for long in my mind. The essay *Son of Moore's Law* concludes with the following words

> ...my only anxiety is that I am unlikely to live long enough to see it. Or to extend my short arm to a new Lucy's long one and shake her tearfully by the hand...

In this essay, Dawkins says that one day embryology may advance enough that we could successfully collect all genomes of a some person named Lucy, and the reconstructed genome could be inserted into a human egg and implanted in a woman, and a new Lucy born into the light of today.

To any curious human, seeing all this advancement in science happen in one's life time is surely an exciting thing. This excitement is many-fold in scientists who dedicate their lives to understand nature and advance scientific development. But human mortality doesn't let one live long enough to witness the progress.

Einstein couldn't live long enough to witness the Gravitational Waves detection. Stephen Hawking couldn't live long enough to see the Black Hole image(Hawking and Penrose together theorised that existence of Black Holes were practical thing, and they would inevitably form from the death of enough massive stars). But these people surely believed that such an advancement was possible. Witnessing those miracles would surely have been the one of happiest moments of their lives.

This reminds me of the story of Charles Babbage, the father of computers. He was the first human, who conceived the immense potential of computing. He once declared that he would gladly give away rest of his life, if he could come back after 500 years and have a 3-day guided scientific tour of the new age. He would have been thrilled if he had witnessed the revolution that happened a near century later. A fun fact, Charles Babbage was first among those who battled Noise pollution. He was popular for running campaigns to reduce street nuisances on London.",,Imported from blog post: _posts/2021-10-23-devils-chaplain-review.md,1,0
,Chaos: Making a New Science,James Gleick,,,,,0,,,,,,,2021/11/23,2021/11/23,read-2021,,read,"The book explains the development of Non-Linear dynamics in different fields of science from a historical perspective. You might have heard of the Butterfly effect - a butterfly flapping its wings could cause a tornado at a distant place. It is a metaphorical example of what physicists call *sensitive dependence on initial conditions*. It means that with a slight variation in the initial condition, the system would behave completely in a different manner. This is more evident in the example of double pendulums. A double pendulum consists of 2 pendulums, where the tail of the second pendulum is attached to the bob of the first pendulum. Take 2 double pendulums. Start making them oscillate at the same time with nearly same initial angle. A difference of 0.5 degrees. You notice that both the double pendulums oscillate in sync till a certain period of time but later, they start behaving completely different. Just a difference of 0.5 degrees caused the large difference in behaviour in pendulums over time. Such systems fall under the category of non-linear systems.

 A catchy alternate word for ""non-linear"" is *chaos*. The book does a wonderful job of exploring chaotic systems in different fields to a non-technical reader. But I think this book should also be read by people who know Non-Linear dynamics well. The superficial discussions might bore a technically equipped reader. But the story behind each discovery is worth knowing. The field of Chaos is relatively new(quantum mechanics and General Relativity are comparatively older).  The book covers the resistance the pioneers of the field had to face. It requires courage and originality to work in a field that hasn't been established yet and the path is uncertain. Stories of Lorenz, Feigenbaum, Robert Shaw, Mandelbrot and many other pioneers of Chaos are both interesting and inspiring for anyone who wants to understand the development of a new groundbreaking field in science.

One of the key reasons Chaos developed late was the advancement of computers. It is through computers, that we could visualise chaotic behaviour of different systems and study them. Leonard Mlodinow in his book *Feynman's Rainbow* mentions that he didn't like the computer approach of solving since it was like getting results from a black box and they would not provide any understanding. This is kind of true. When equations become too complex to solve analytically, we make assumptions to simplify the equations to solve them(assumptions like a particular term being small, making the equation linear for a small period of time). The assumptions will help you to understand the system to a certain extent. But you can't get far with those assumptions. In such cases, computers are indispensable. As I read the book, I realised the key role computers had played in the development of the field. In fact, arguably the first paper on Chaos by Edward Lorenz was possible from the results of a computer.

A good motivation to learn about chaos would be its universality. Chaotic systems are ubiquitous. Turbulent flow of fluids, Neurons, Signals sent to heart, ecological systems, epidemics, financial markets, snowflakes, weather, so on and so on. It is interesting to learn what seems like completely different systems may have in common. A chaotist(non-linear dynamicist?) can use his/her methods to study almost any system by acquiring a bit of required domain knowledge.

So folks who appreciate non-linear dynamics, folks who are interested in knowing more in breadth and little depth about chaos, folks interested in learning historical developments of a new field in science. Pick up the book!

[Chaos: The Science of the Butterfly Effect video by Veritasium](https://youtu.be/fDek6cYijxI) can be considered as a trailer to the book

## Watch more about Chaos

- [Logistic map - Chaos in Ecological systems](https://youtu.be/ovJcsL7vyrk)
- [Turbulence - Chaos in Fluid dynamics](https://youtu.be/5zI9sG3pjVU)
- [Complexity Explorer](https://www.youtube.com/channel/UC6s-1TYa-1fBrUUIGijshCQ) Courses - [1](https://www.youtube.com/watch?v=9ZI4edcv_uY&list=PLF0b3ThojznQwpDEClMZmHssMsuPnQxZT),[2](https://www.youtube.com/watch?v=MizhVorgywY&list=PLF0b3ThojznQ9xUDm-EbgFAnzdbeDVuSz)
- [Newton's Fractal](https://youtu.be/-RdOwhmqP5s)

There are many good videos for different topics mentioned in the book. YouTube videos can be a good company as you read along the book. Like the one on [Feigenbaum constant](https://www.youtube.com/watch?v=L9dLBGgVeig), one on [Chaotic Waterwheel](https://youtu.be/Lx8gMBJBlP8).

## Post Scriptum

Reading development of different fields helps me discover some legends, whom I have not heard of and I feel should be more popular. Einstein, Feynman are household names. But there are other scientists whose story and life is inspiring and worth knowing.

Reading *Black Hole Blues* by Janna Levin helped me discover Rainer Weiss, a Noble laureate and a pioneer who worked on Gravitational wave detection. [Here](https://www.youtube.com/watch?v=qUAB3Zn4bK0) is a wholesome interview of the man. From the book Chaos, I found another such inspiring hero - Stephen Smale. A field's medallist and a pioneer who helped the field of chaos grow. Smale bridged the gap between mathematicians and physicists in the field of Non-Linear dynamics. He also helped establish a campaign against the Vietnam war.  Read Smale's short biography [here](https://www.britannica.com/biography/Stephen-Smale).",,Imported from blog post: _posts/2021-11-23-chaos-review.md,1,0
,1984,George Orwell,,,,,0,,,,,,,2021/12/26,2021/12/26,read-2021,,read,"A reader never reads alone, even if she is in solitude. At places, she pauses and ponders on what she has perceived and communicates to a fellow imaginary reader. Below are the different things, that I had discussed with my fellow reader in course of reading the novel 1984 by George Orwell.

## Spectrum of Orthodoxy

In the story, the characters lie on a spectrum of orthodoxy. There are some like the Parsons on one end of the spectrum, who adhere to the rules without being aware of the fact that their freedom is being snatched. There is Syme, who is aware of the suppression and yet follows the system. And we have Julia, who does not worry about the past or future or others in the present until the rules restrict her. She is smart enough to find ways to cheat the party by acting disciplined when required. *If you kept the small rules, you could break the big ones*. And we have the protagonist Winston Smith on the other end of the spectrum, who is concerned more about reality, like all deep thinkers are. Winston is desperate to know how things were in the past and wants to understand the methods and intentions of the party. He believes in the human spirit that fights to be free. As Winston puts it to O'Brien

> In the end they will beat you. Sooner or later they will see you for what you are, and then they will tear you to pieces....I don’t know, some spirit, some principle --that you will never overcome.....The spirit of Man

## Big Brother is not same as The Grand Inquisitor

Another thing I found interesting from the book was that Big Brother is nothing like the Grand Inquisitor. When O'Brien asks Winston what he thinks is the main aim of the party in grabbing away people's freedom. Winston answers that the party believes humans can't handle the burden of choice. They have to trade off freedom for happiness. He thinks that the party believes in giving happiness at the cost of freedom. And that is what the Grand Inquisitor from *The Brothers Karamazov* believes. But O'Brien reply states that the party's intentions are completely different from the Grand Inquisitor's. The party rules for its own sake. They are power-hungry. They don't care about the good of others or wealth, they want *pure power*.

## Language Shapes Thought

Anyone who has thought enough about words and emotions understands the influence of language on thought. Orwell showed it interestingly through Newspeak, an incomplete language that is incapable of producing politically rebellious thoughts. Orwell has elaborately explained his ideas in a separate appendix about how language could be used to limit one's thoughts. To quote Ludwig Wittgenstein, *The limits of my language are limits of my world.* One cannot express political freedom using Newspeak because there is no political freedom!

The most interesting part of the appendix was thought the language was capable of expressing sentences that could contain seeds of rebellious ideas, like *Big brother is ungood* and *All men are equal*; yet one cannot justify reasons for such sentences in Newspeak. They would be self-evidently false. There is not enough complexity in language to reason *why Big brother is ungood*. And *All men are equal* does not make sense as equality only means similarity in physical features in this context.

> A person growing up with Newspeak as his sole language would no more know that equal had once had the secondary meaning of “politically equal”, or that free had once meant “intellectually free”, than for instance, a person who had never heard of chess would be aware of the secondary meanings attaching to queen and rook

## Some damn good lines

If its only that story that you had enjoyed, you missed the literary beauty present in the novel. Here are some of those  *doubleplusamazing* lines. Revisiting some lines and ideas from the book that you have enjoyed during the first read is a beautiful mental trip.

> How could you tell how much of it was lies? It might be true that the average human being was better off now than he had been before the Revolution. The only evidence to the contrary **was the mute protest in your own bones, the instinctive feeling that the conditions you lived in were intolerable and that at some other time they must have been different**. It struck him that the truly characteristic thing about modern life was not its cruelty and insecurity, but simply its bareness, its dinginess, its listlessness.

The phrase *mute protest in your own bones* so nicely describes the discomfort Winston feels.

> He thought with a kind of astonishment of the biological uselessness of pain and fear, the treachery of the human body which always freezes into inertia at exactly the moment when a special effort is needed.

When Winston suspects that Julia might be a member of thought police, a plan to kill her strikes his mind. But he eventually doesn't do that. It is a common observation that in fear and pain, human body freezes and doesn't respond as expected. The observation is so well expressed. Good writers describe such observations with great clarity and beauty.

> A kind of fever seized him at the thought that he might lose her, the white youthful body might slip away from him!

Anxiety of every young man!

> He did not feel any temptation to tell lies to her. It was even a sort of love-offering to start off by telling the worst

When Julia and Winston meet for the first time at the *Golden Country*, Winston starts the conversation with how he initially thought about Julia as a member of the thought police and planned to kill her. The present appears to be more beautiful because you had imagined it to be much worse in the past.

> ... there was still that **memory moving round the edges of his consciousness**, something strongly felt but not reducible to definite shape...

A snappy line to describe vagueness in thoughts of the human mind.

> ...magnificent gesture by which a whole civilization seemed to be annihilated.

I never imagined action as simple as flinging away one's clothes could be associated with a large act of annihilating a dystopian civilisation.  A world where basic human instincts such as sex are curbed, such simple acts become powerful. As Orwell puts it at the end of the chapter the fornication *was a political act*.

>  No emotion was pure, because everything was mixed up with fear and hatred

Fear and hatred pollute beautiful emotions.

> If you kept the small rules, you could break the big ones

Julia's way of living in one line.

> She had become a physical necessity, something that he not only wanted but felt that he had a right to.

Another line that describes the anxiety of a young man in love.

> Do you realize that the past, starting from yesterday, has been actually abolished? If it survives anywhere, **it’s in a few solid objects with no words attached to them, like that lump of glass there**.

Winston uses these words to describe the importance of the paperweight to Julia. As O'Brien says later in the book, *the past exists in records and memories*. All the records of the past have been burnt and the party controls people's memories.  Hence the past has been abolished. Only a few objects like the lump of glass are remnants of the past. Hence he was attached to the paperweight despite its apparent uselessness. He believed that the paperweight was one of the things from the past that the party hadn't destroyed. But later we find that when Winston and Julia get caught, the paperweight is smashed into pieces. A symbol to depict the immense power of the party that is capable of destroying everything that belongs to the past.

> Talking to her, he realized how easy it was to present an appearance of orthodoxy while having no grasp whatever of what orthodoxy meant.

Julia's character is interesting in a sense that she doesn't fully grasp the aim of the party. She is not concerned about double think, manipulating the past and newspeak language. She only bothers about the restrictions that only affect her directly. She understands the reasoning behind party restricting people having sex, so she smartly identifies people who would be brave enough to sleep with her. Other than that, she tries to smuggle coffee and chocolate that only inner party members have access to.

Winston on the other hand bothers about humanity and its suffering under the party's rule. He wishes to understand the ideas and ways of the party and is desperate to fight against what he believes is injust. He finds great pleasure in doing things that he could do as a free human.

> If you loved someone, you loved him, and when you had nothing else to give, you still gave him love.

The sentence was used to describe love that Winston's mother showed towards him. A sentence whose meaning I didn't fully grasp, yet found it delightful when I read.

> It’s the one thing they can’t do. They can make you say anything --anything --but they can’t make you believe it. They can’t get inside you

Here, Julia and Winston believed that one's thoughts are beliefs are always their own and the party cannot change them at any cost. But towards the story's end we see that party did manage to change their believes via torture and killing love. *Something was killed in your breast: burnt out, cauterized out*.

> In philosophy, or religion, or ethics, or politics, two and two might make five, but when one was designing a gun or an aeroplane they had to make four.

This line depicts that the uncompromising nature of hard science. Laws of nature are immutable!

> ...In a sense it told him nothing that was new, but that was part of the attraction. It said what he would have said, if it had been possible for him to set his scattered thoughts in order....**The best books, he perceived, are those that tell you what you know already**

There is a great sense of satisfaction when your ideas are validated by someone else. Finding your ideas and beliefs in a book makes you love the book more.

> The process has to be conscious, or it would not be carried out with sufficient precision, but it also has to be unconscious,or it would bring with it a feeling of falsity and hence of guilt

*Doublethink* has to be both conscious and unconscious to be carried out correctly. The line explains with great clarity the thought process involved in performing something counter-intuitive as doublethink .

> Sanity is not statistical

When Winston's ideas were validated by the book, he felt that he was right though he had been in the minority. Wrong is wrong even if everybody is doing it; right is right even if nobody is doing it. But like many of his realisations, this one too changes at the end of the book.

> The flagstones were wet as though they had just been washed, and he had the **feeling that the sky had been washed too, so fresh and pale was the blue** between the chimney-pots.

Winston's feelings when he was looking through the window of his hiding room.

> “She’s beautiful,” he murmured.
>
> “She’s a metre across the hips, easily,” said Julia.
>
> “**That is her style of beauty**,” said Winston

Before Julia and Winston get caught, as Winston continues to observe things from his window, his perception gets deeper and deeper. He starts to find the stout woman washing clothes beautiful. As Orwell put it, *The solid, contourless body, like a block of granite, and the rasping red skin, bore the same relation to the body of a girl as the rose-hip to the rose. Why should the fruit be held inferior to the flower?*

> Perhaps one did not want to be loved so much as to be understood.

O'Brien tortures Winston to hell. Yet, Winston carries a kind of admiration for O'Brien in his heart because he had really understood Winston's thoughts and feelings. Winston's thoughts were a subset of O'Brien's thoughts. For a deep thinker like Winston, he was happy that his ideas were understood though O'Brien was his foe.

> Power is in tearing human minds to pieces and putting them together again in new shapes of your own choosing

From a non-physical perspective, a human boils down to the mind. Having control over the mind gives you control over the human and that is the sign of true power.

## Miscellaneous

- At places, I saw the novel being called as a prophetic novel by comparing the Big Brother's surveillance to social media apps' surveillance.  I feel that it is an unjust critic of the novel. Orwell wanted to depict extreme conditions and human suffering under a power hungry totalitarian regime.
- The story is narrated from Winston's perspective. This kind of narration seems the best way to illuminate human condition and emotions. Dostoevsky, the master of describing psychological and philosophical conditions of man used this style of narration in many of his popular works.",,Imported from blog posts: _posts/2021-12-26-1984-review.md and _posts/2022-01-23-dystopian-december.md,1,0
,Brave New World,Aldous Huxley,,,,,0,,,,,,,2021/12/31,2021/12/31,read-2021,,read,"Aldous Huxley said that a *novel should be like a holdall bursting with opinion and arresting ideas*. His book Brave New World contains many ideas that address fundamental questions about humans like what humans are, what causes happiness.

## Man is also a product!

At the beginning of the book, we find that embryos are manufactured through advanced scientific methods in the factory in modern manufacturing assembly line style as though they were industrial products. But man is also a product formed as a consequence of several complex physio-chemical processes. Residents of the BNW are very well aware of this fact and this idea is well represented in the hypnopaedic sentence

> All men are physio-chemically equal

## What brings happiness

> People are happy because they get what they want and they never want what  they don't get

In BNW, everyone is happy because they get exactly what makes them happy. The World state ensures universal happiness by destroying the uncomfortable and constantly feeding pleasure.

**Sex**: Sex is one of the natural instincts that gives happiness. If sex gives instant happiness then why restrict it? BNW doesn't attempt to curb any of the natural sexual desires. Even children can be seen doing erotic play. One can fornicate with anyone he/she wishes. A hypnopaedic lesson that none of the readers will forget and wish if this were true:

> Everyone belongs to everyone else

Concepts like family, responsibilities, relationship, commitments don't exist in Brave New World, which reduces half the complexities and troubles of human life. Of course these are some of the beautiful things we experience, but things that even cause slight inconvenience are got rid of in BNW.

**Work**: Humans are not simple animals. Simple in the sense that just food, sleep and sex won't suffice for human life. We want something in our life that fills our time when we don't eat, sleep or have sex. That's why we work! A large period of our life goes in training and finding the right kind of work. Even after such a long toil, many aren't satisfied with their jobs. BNW eliminates such problems by caste system, assigning tasks from their birth itself. Different castes - Alphas, Betas, Deltas, Epsilons. In fact, people are manufactured for certain tasks. They control the conditions of embryos and also condition humans to like their task, so that they keep doing it all their lives.

> *All conditioning aims at making people like their unescapble social destiny*.

Humans don't have to struggle on deciding what to do and how to do things. There is one thing that you are asked to do, and you are hard-wired to do it! Where is the room for problem?

**Chemical Pleasure**: At the end of the day, it is the physio-chemical process that govern our mind. If anything goes wrong, there is always *soma*. Taking a gram of it teleports you to a different world making you forget all harsh truths of reality.

> A gramme is better than a damn

Apart from the basic needs like food, clothing, shelter, the resident of BNW is satisfied with his sexual desires uncurbed, a work that gives a feeling of fulfilment at the end of the day. And if anything goes wrong, *soma* is the backup. But is that all what is needed to make a man happy? Huxley believes its not and this opinion is expressed in Mustafa Mond's thoughts:

>  the goal was somewhere beyond, somewhere outside the present human sphere; that the purpose of life was **not the maintenance of well-being**, but **some intensification and refining of consciousness, some enlargement of knowledge**

Bertrand Marx's behaviour reflects this idea in simpler form. Marx doesn't like sex as a recreation. He hates it when Henry talks about Lenina as though *she were a piece of meat*. Inspite of the uncomfortable feeling that he feels all the time, he refuses to take soma. As he states,

> I’d rather be myself, myself and nasty. Not somebody else, however jolly

Another such unorthodox character is of Helmholtz's. Helmholtz's writing background helps him to think about meaning of things rather than indulge in immediate gratifications. Helmholtz is happy without taking *soma* for a long periods and doesn't have sex as frequently as other conventional people. I guess that is what Huxley tried to convey via characters like Bertrand and Helmholtz that *life has meaning beyond the play of senses and that immediate gratification will never be enough*.

Everyone has their own definition of happiness. People pursuit their own madness in order to be happy. The inconvenient and exhausting quest for things that make you happy contribute to the happiness. BNW residents don't get to experience that all.

> What fun it would be if one didn't have to think about happiness

## Books shape thoughts and thought processes

When John is introduced to Shakespeare's works, his perception and thoughts grow rich. His clarity on his own emotions is amplified though he couldn't fully doesn't understand the words.

> What did the words exactly mean? He only half knew. But **their magic was strong and went on rumbling in his head**, and somehow it was as though he had never really hated Popé before; never really hated him because he had never been able to say how much he hated him. **But now he had these words, these words like drums and singing and magic**. These words and the strange, strange story out of which they were taken **they gave him a reason for hating Popé; and they made his hatred more real**; they even made Popé himself more real

This scene depicts the magical power of language and books. Reading books introduces you to new set of perceptions and ideas that are limited by one's experience. As Faber tells in Fahrenheit 451, one of the unique feature of books is the *quality of information* present in them-*telling detail* about life. *Good writers touch life often. The mediocre ones run a quick hand over her. The bad ones rape her and leave her to flies.*

## The Ending

The book depicts two extreme ideas. On one hand, we have the world state's idea of social stability and the other hand we have John's idea of religious and orthodox life. The ending, in my opinion is meant to depict that both these extreme ideas are not suitable for man. Marx and Helmholtz are sent to a island, where with like minded intellectuals they can pursue their own interests. John, on the other hand ends up committing suicide. When a journalist asked Huxley whether his ultimate sympathies were with savage's aspirations or with ideal of conditioned stability, he replied

> With neither, but I believe some mean between two is both desirable and possible and must be our objective

## Some damn good lines

> One of the principal functions of friends is to suffer(in a milder and symbolic form) the punishments that we should like, but unable to inflict upon your enemies

When Savage betrays Bernard by not coming to the party, Bernard is insulted by everyone in the party. This line depicts the pain and frustration of Bernard had to undergo due to John's friendship.

> Christianity without tears, that's what soma is

Suffering is an inevitable part of life. The aim of religion is to provide man the necessary moral training to withstand the suffering. But this is a long process that involves pain and effort. Instead, soma helps to face such harsh realities of life by avoiding them.

>  Men and women must have their adrenals simulated from time to time

John argues with Mustafa that there is something exciting about facing uncertainty in life and living dangerously. Mustafa agrees to it that such a feeling has to be present and mentions about *Violent Passion Surrogate(V.P.S)*, a medical treatment where the body is flooded with Adrenaline providing the physiological equivalent of fear and rage. In BNW, all important human emotions like happiness, tolerance, fear, rage are caused artificially.

> Happiness is a hard master if one isn't conditioned to accept it unquestionably

> You have to choose between happiness and what we call high art. We’ve sacrificed the high art. We have the feelies and the scent organ instead

Lines taken from the epic debate between Mustafa Mond and John.

> Huxley was fascinated by the fact that 'the same person is simultaneously a mass of atoms, a physiology, a mind, an object with shape that can be painted, a cog in the economic machine, a voter, a lover etc.'

A line taken from the section introducing Aldous Huxley.

## Post Scriptum

- I feel Huxley is a unique author because his writing contains perfect mixture of elements from literature, philosophy and science. As a writer, Huxley's aim was to '*arrive technically at a perfect fusion of novel and essay*'.
- *life has meaning beyond the play of senses and that immediate gratification will never be enough* is phrase extracted from Margaret Atwood's foreword to the book.",,Imported from Dystopian December blog posts: _posts/2022-01-18-bnw.md and _posts/2022-01-23-dystopian-december.md,1,0
,Fahrenheit 451,Ray Bradbury,,,,,0,,,,,,,2021/12/31,2021/12/31,read-2021,,read,"> Most of us can't rush around, talking to everyone, know all the cities of the world, we haven't time, money or that many friends. The things you're looking for, Montag, are in the world, but the only way the average chap will ever see ninety-nine per cent of them is in a book

One of the primary functions of a good book is to expose ideas to the reader, who is limited by her experiences and surroundings. A good author in his writing attempts to show details of life and humans to the readers. A reader, who has read enough *good* books can't not fall in love with books and the value they provide. Ray Bradbury in Fahrenheit 451 discusses about what makes books special. It is the inherent property of the book, which is well written and well read, can have long standing effects on our thoughts and perception of life. If spent enough time with them, they can change the way you live.

## Books, Talking, Walking

In the book, Faber tells Montag three important things about books, that I think are unique features of books.

1. Books are known for quality of information. Good ones contain *infinite detail and awareness* about life.

   > Good writers touch life often. The mediocre ones run a quick hand over her. The bad ones rape her and leave her to flies.

2. Books give you enough time to think about the content inside it. In case of television and radio, the information is thrown at you at high speed leaving you no time to think about what is told. That is why reading a book should be preferred over passive activities like watching television or radio.

3. *The right to carry out actions based on what we have learnt from the interaction of the first two*. When you think enough what you read in the books, your perception, thought processes begin to change and some of the things start getting clear. This is more likely to happen in case of books rather than any other media because one has spent enough time and mental effort in gathering those ideas while reading.

There are activities other than reading that are mentioned in the book, which help you to think and understand yourselves and your surroundings. *Walking* and *Talking* are the two activities. The government in the book uses subtle steps to curb them. Clarisse tells Montag that once houses used to have porches where people used to sit, talk or just think. But later, the houses got rid of the porches.

In a similar manner, we find kids driving vehicles at a very high speed on the roads, which resulted in killing pedestrians(Montag is also hurt by one such vehicle and wonders if Clarisse, who loves to walk, was also killed by such a vehicle). But such an activity is not at all a crime because the government doesn't want people to walk on the roads. When you walk, you get time to reflect. The government wants to avoid that. The result being people watch the screens or listen to the radio around the clock like Mildered.

## Some damn good lines

Beatty, Faber and Granger deliver some great pieces of wisdom to Montag.

> The highest form of ignorance is when you reject something you don't know anything about.

> The dignity of truth is lost with much protesting

> Devil can cite Scripture for his purpose

> The folly of mistaking a metaphor for a proof, a torrent of verbiage for a spring of capital truths, and oneself as an oracle, is inborn in us

One heck of a line about human bias!

> **Everyone must leave something behind when he dies**... A child or a book or a painting or a house or a wall built or a pair of shoes made. **Or a garden planted. Something your hand touched some way so your soul has somewhere to go when you die**, and when people look at that tree or that flower you planted, you're there. It doesn't matter what you do, he said, so long as you change something from the way it was before you touched it into something that's like you after you take your hands away. **The difference between the man who just cuts lawns and a real gardener is in the touching, he said. The lawn-cutter might just as well not have been there at all; the gardener will be there a lifetime**

The above lines remind me of the word *Soul Shards* used by Douglas Hofstadter in the book *I am a Strange Loop*. Books, photographs, videos and other objects that hold memories are not mere records of the past. They are *soul shards* of people who are represented in them. When you look a photograph of a loved one, it brings out the clearest representations of him/her. When you read someone's writings, it gives you an understanding of a person's internal emotions and a sense of what it means to be that person. Though you may be physically not present with the writer, she is capable of affecting your thoughts directly as though she were present with you at the moment. That's why it is important to record beautiful moments and individual thoughts in the form of writings, photographs or videos.

Another beautiful thing that the lines remind me is one of Feynman's anecdotes. When Feynman was nearing death, he asked his friend and colleague Danny Hillis why Hillis appeared so sad. Hillis replied that he thought Feynman was going to die soon. Feynman said that this sometimes bothered him, too, adding, ***when you get to be as old as he was, and have told so many stories to so many people, even when he was dead he would not be completely gone***.

> Ask no guarantees, ask for no security, there never was such an animal. And if there were, it would be related to the great sloth which hangs upside down in a tree all day every day, sleeping its life away. To hell with that, shake the tree and knock the great sloth down on his ass.

Any quote in the lines of Nietzche's idea of living dangerously is a great quote!

> I wasn't crying for him at all, but for the things he did. I cried because he would never do them again, he would never carve another piece of wood or help us raise doves and pigeons...or play violin..or tell us jokes the way he did. He was an individual an important man...what wonderful carvings never came to birth because he died. How many jokes are missing from the world, and how many homing pigeons untouched by his hand. He shaped the world. **He did things to the world. The world was bankrupted ten million fine actions the night he passed on.**

Granger talks about his Grandfather here. We value people over their actions. If you love someone, it means you feel their actions and you believe that their contribution to your life and the world around you is unique.

## Bradbury and Books

Ray Bradbury himself mentioned that the book was about *moronic influence of popular culture through local TV news, the proliferation of giant screens and the bombardment of factoids* instead of censorship. Yet, at several places, we find that book depicted and predicted about censorship of books so well.

Bradbury is a huge fan of books. This love is apparent when you read the epilogue

> *...breathing the finest pollen in the world, book dust, with which to develop literary allergies*

Bradbury got attracted to books and library at a early stage in life. Like all lovers of books he believes that good books can have a great impact on society. He writes in epilogue

> ...if we ensure that by the end of sixth year every child in every country can live in libraries to learn almost by osmosis, then our drug, street gang, rape and murder scores will suffer themselves near zero. But the fire chief in mid-novel, says it all, predicting the one minute TV commercial with three images per second and no respite from the bombardment. Listen to him, know what he says, then go sit with your child, open a book and turn the page.

## DFW

In one of the interviews of David Foster Wallace, he touches upon these issues of mass media consumption. He says that with the ever increasing pace in the world, people want everything so fast. Everything is available instantly. It is very hard to sit by yourself alone in a quite room and read a book. There are two parts of you inside - one that craves for immediate gratification and the other part that loves silence. We are progressing towards an era where we are feeding the former and starving the later.

The interview also touches upon another advantage of books. He argues that mass media production is expensive. So, in order to get profit for your high investment, you have to produce something that is widely appealing. So, there is less scope for deep ideas that are difficult to grasp in first attempt to exposure and more scope for sex in the media content. A solution according to DFW can be that industry can be fragmented based on niche interests. In this way it can be ensured that production house will have a fixed set of people who are purchasing their content and they don't have to appeal to a wide audience. Books on other hand don't have to be made appealing! The purpose of the book is to convey what author had in mind. A well written book will always have an audience unless Bradbury's dystopian future becomes true.

David's insights are brilliant! It is one of the best interviews on YouTube. Go watch [it](https://youtu.be/iGLzWdT7vGc)!

## Post Scriptum

- The effects of television on children is expressed nicely in the [poem *Television* by Roald Dahl](https://youtu.be/GFFJSAmXyRs).
- Check [this](https://skeptics.stackexchange.com/a/27823) answer containing excerpts of Bradbury talking about his book's interpretation.",,Imported from Dystopian December blog posts: _posts/2022-01-20-f451.md and _posts/2022-01-23-dystopian-december.md,1,0
